CustomerID,Name,Gender,Age,Tenure,SatisfactionScore,NumberOfAddress,NumberOfDeviceRegistered,WarehouseToHome,MaritalStatus,PreferredOrderCategory,NumberOfOrders,TotalSpending,LastPurchaseDate,DaySinceLastOrder,CashbackAmount,Complain,Churn,MonthlySales
C-10000,Joseph Williams,Male,55,51,1,1,3,20,Married,Fashion,1,783.11,2025-08-22,326,46.48,0,1,15.36
C-10001,Jessica Jones,Female,63,5,2,4,4,44,Married,Grocery,9,765.47,2026-07-13,1,64.16,0,1,153.09
C-10002,James Davis,Male,29,18,3,10,4,27,Married,Mobile Phone,1,407.17,2026-07-13,1,28.3,1,0,22.62
C-10003,William Miller,Male,60,4,1,7,3,38,Single,Grocery,4,588.2,2026-06-27,17,62.81,0,1,147.05
C-10004,David Garcia,Male,68,31,4,2,3,42,Divorced,Grocery,1,385.33,2026-06-26,18,56.54,0,0,12.43
C-10005,Sarah Johnson,Female,70,9,3,2,1,41,Single,Mobile Phone,19,2876.66,2026-07-14,0,284.32,0,0,319.63
C-10006,Thomas Wilson,Male,54,8,4,1,1,34,Divorced,Grocery,10,2780.54,2025-08-07,341,316.41,0,0,347.57
C-10007,Thomas Wilson,Male,63,26,4,10,5,39,Divorced,Fashion,15,4687.0,2026-06-27,17,147.36,1,1,180.27
C-10008,Charles Davis,Male,70,12,4,2,4,41,Single,Mobile Phone,20,3084.0,2026-06-22,22,313.38,0,1,257.0
C-10009,Mary Davis,Female,41,18,1,7,4,44,Married,Laptop & Accessory,4,1266.42,2026-07-07,7,100.05,0,1,70.36
C-10010,Charles Jones,Male,33,20,5,9,3,37,Single,Grocery,20,3748.27,2026-07-01,13,506.59,0,1,187.41
C-10011,David Wilson,Male,30,23,3,6,3,1,Divorced,Others,14,3439.55,2026-06-30,14,242.38,0,0,149.55
C-10012,Richard Jones,Male,42,37,2,10,5,15,Divorced,Mobile Phone,5,676.71,2026-07-11,3,73.31,0,0,18.29
C-10013,Richard Rodriguez,Male,69,3,5,2,6,32,Married,Laptop & Accessory,15,2869.92,2026-04-14,91,142.52,1,0,500.0
C-10014,Jennifer Garcia,Female,21,23,1,10,6,8,Single,Others,15,1243.11,2026-06-26,18,66.78,1,1,54.05
C-10015,John Davis,Male,28,58,4,10,6,33,Divorced,Laptop & Accessory,16,2454.47,2025-08-06,342,169.1,0,0,42.32
C-10016,Patricia Brown,Female,49,34,2,9,4,18,Single,Grocery,16,3407.26,2026-07-11,3,202.83,0,1,100.21
C-10017,Susan Williams,Female,66,2,3,7,1,45,Married,Others,4,1027.16,2026-05-24,51,54.44,0,0,500.0
C-10018,Patricia Wilson,Female,24,3,5,1,6,29,Married,Grocery,9,1742.01,2026-07-10,4,46.09,0,1,500.0
C-10019,Richard Smith,Male,63,56,5,9,2,32,Divorced,Others,1,844.05,2026-07-02,12,108.69,0,0,15.07
C-10020,Jessica Williams,Female,28,36,2,2,5,33,Married,Mobile Phone,5,1622.92,2026-03-17,119,46.02,0,1,45.08
C-10021,John Williams,Male,45,39,1,4,6,5,Divorced,Fashion,9,1191.54,2026-07-06,8,161.28,0,0,30.55
C-10022,Elizabeth Garcia,Female,58,47,3,9,2,18,Divorced,Fashion,20,3414.79,2026-04-09,96,123.99,0,0,72.66
C-10023,Karen Davis,Female,40,53,2,4,6,48,Married,Laptop & Accessory,5,1615.61,2026-06-22,22,46.02,0,0,30.48
C-10024,Susan Davis,Female,62,34,4,3,1,10,Married,Others,4,1478.41,2025-12-29,197,137.77,1,1,43.48
C-10025,Jessica Smith,Female,40,30,3,1,1,36,Single,Grocery,16,5050.86,2026-06-26,18,430.93,0,0,168.36
C-10026,Linda Miller,Female,67,55,5,7,6,33,Single,Mobile Phone,2,1031.59,2026-06-28,16,86.51,1,1,18.76
C-10027,Sarah Johnson,Female,45,43,2,6,2,23,Divorced,Mobile Phone,16,3525.08,2026-05-05,70,333.77,0,0,81.98
C-10028,Mary Wilson,Female,60,24,5,10,5,40,Single,Mobile Phone,18,4544.74,2026-07-04,10,260.49,0,0,189.36
C-10029,Patricia Davis,Female,64,39,5,4,2,5,Divorced,Fashion,2,626.62,2026-03-28,108,66.54,0,0,16.07
C-10030,Robert Wilson,Male,43,12,5,6,5,34,Married,Grocery,16,2054.41,2026-06-23,21,175.27,0,0,171.2
C-10031,John Davis,Male,42,3,1,6,6,24,Married,Mobile Phone,1,243.59,2025-11-27,229,15.47,0,1,81.2
C-10032,Patricia Williams,Female,46,45,5,4,5,17,Single,Mobile Phone,16,4737.34,2026-07-10,4,603.75,1,1,105.27
C-10033,Susan Brown,Female,36,13,4,6,3,31,Divorced,Laptop & Accessory,3,1007.36,2026-06-24,20,115.45,0,1,77.49
C-10034,Mary Jones,Female,50,12,4,10,4,7,Divorced,Others,15,2150.0,2025-12-04,222,153.01,0,0,179.17
C-10035,Thomas Garcia,Male,53,26,3,8,4,17,Single,Others,11,3000.52,2026-03-23,113,390.64,0,0,115.4
C-10036,Sarah Wilson,Female,31,5,5,3,1,28,Divorced,Others,10,2678.83,2026-02-24,140,374.05,1,1,500.0
C-10037,Thomas Davis,Male,31,16,5,4,3,38,Divorced,Laptop & Accessory,17,3658.49,2026-03-11,125,328.51,0,0,228.66
C-10038,Michael Jones,Male,52,35,2,10,4,22,Married,Fashion,4,897.59,2026-06-26,18,43.03,0,1,25.65
C-10039,James Smith,Male,47,39,1,1,6,15,Divorced,Laptop & Accessory,17,3871.13,2026-07-04,10,538.29,1,0,99.26
C-10040,Robert Garcia,Male,45,48,3,4,5,37,Divorced,Mobile Phone,4,1264.45,2026-06-11,33,56.44,0,0,26.34
C-10041,John Brown,Male,34,34,5,10,5,15,Divorced,Grocery,19,4171.0,2026-06-30,14,109.68,0,1,122.68
C-10042,Patricia Jones,Female,20,16,2,10,2,50,Single,Mobile Phone,1,364.82,2026-04-29,76,22.83,0,1,22.8
C-10043,Sarah Smith,Female,33,40,1,9,2,50,Single,Mobile Phone,14,4064.7,2026-06-16,28,465.43,0,0,101.62
C-10044,Elizabeth Rodriguez,Female,63,1,3,8,5,25,Single,Grocery,11,1027.72,2025-07-20,359,143.91,1,0,500.0
C-10045,Mary Rodriguez,Female,47,56,3,4,6,21,Divorced,Others,7,1552.76,2026-07-01,13,159.7,0,0,27.73
C-10046,Jessica Brown,Female,69,12,5,7,5,38,Divorced,Laptop & Accessory,17,3460.51,2026-06-28,16,497.41,0,1,288.38
C-10047,Charles Jones,Male,46,51,3,10,2,2,Single,Fashion,4,993.33,2026-07-07,7,31.79,1,0,19.48
C-10048,Elizabeth Miller,Female,62,1,2,3,4,27,Single,Mobile Phone,10,2955.38,2026-06-29,15,82.45,0,0,500.0
C-10049,Susan Garcia,Female,32,51,3,9,1,49,Divorced,Mobile Phone,17,2478.39,2026-06-28,16,244.23,1,0,48.6
C-10050,Joseph Johnson,Male,63,27,4,10,2,32,Divorced,Fashion,4,939.63,2026-07-13,1,136.81,0,0,34.8
C-10051,Sarah Davis,Female,42,42,2,4,6,21,Married,Laptop & Accessory,19,5537.48,2026-06-21,23,472.64,0,0,131.84
C-10052,Michael Brown,Male,68,58,1,2,4,4,Single,Mobile Phone,18,1840.29,2025-09-26,291,49.13,0,1,31.73
C-10053,Jessica Brown,Female,55,25,1,10,4,44,Divorced,Fashion,17,4587.92,2026-05-04,71,223.7,1,1,183.52
C-10054,David Jones,Male,59,21,5,5,4,19,Single,Mobile Phone,6,1366.51,2026-06-11,33,70.82,0,0,65.07
C-10055,Jennifer Wilson,Female,64,46,5,2,3,2,Single,Others,7,865.65,2025-11-19,237,55.33,1,0,18.82
C-10056,Patricia Rodriguez,Female,70,42,4,10,3,26,Single,Others,6,2074.37,2026-06-29,15,53.25,0,0,49.39
C-10057,Charles Rodriguez,Male,69,54,1,6,4,34,Married,Mobile Phone,12,1257.59,2026-06-11,33,173.09,0,1,23.29
C-10058,James Wilson,Male,55,2,1,10,6,14,Divorced,Mobile Phone,9,1629.24,2026-02-10,154,141.78,0,1,500.0
C-10059,Robert Garcia,Male,40,34,1,1,5,15,Divorced,Others,18,1460.64,2026-05-02,73,156.61,0,0,42.96
C-10060,David Jones,Male,42,59,1,6,6,20,Single,Mobile Phone,2,725.6,2025-10-30,257,20.85,0,0,12.3
C-10061,William Miller,Male,59,57,3,4,3,34,Divorced,Laptop & Accessory,17,5190.62,2026-06-15,29,140.33,1,1,91.06
C-10062,Richard Smith,Male,24,11,2,3,2,36,Married,Laptop & Accessory,1,351.46,2026-03-25,111,33.82,0,0,31.95
C-10063,Thomas Williams,Male,39,23,2,2,3,19,Single,Grocery,9,1123.12,2026-06-16,28,152.01,0,0,48.83
C-10064,Michael Wilson,Male,34,4,4,7,5,9,Married,Laptop & Accessory,6,1270.7,2026-06-17,27,112.71,1,1,317.68
C-10065,Mary Wilson,Female,35,19,3,9,1,7,Married,Mobile Phone,2,687.34,2026-07-09,5,92.18,0,0,36.18
C-10066,Jennifer Johnson,Female,66,38,1,3,3,30,Divorced,Mobile Phone,6,2014.39,2026-02-11,153,252.66,1,1,53.01
C-10067,John Smith,Male,58,38,1,6,6,13,Divorced,Fashion,9,1883.69,2026-03-27,109,56.25,0,1,49.57
C-10068,Jessica Williams,Female,27,12,5,9,6,27,Married,Laptop & Accessory,3,943.12,2026-03-27,109,43.62,0,0,78.59
C-10069,Jennifer Miller,Female,27,40,5,2,4,44,Divorced,Others,16,3231.4,2026-01-04,191,340.92,0,0,80.78
C-10070,Jessica Rodriguez,Female,24,56,4,7,4,35,Married,Others,15,3890.86,2025-08-09,339,302.15,0,1,69.48
C-10071,Sarah Brown,Female,65,52,1,5,4,13,Married,Grocery,12,4057.09,2025-09-12,305,234.46,0,1,78.02
C-10072,William Johnson,Male,67,44,4,5,1,15,Single,Fashion,8,1311.9,2025-10-06,281,97.63,1,0,29.82
C-10073,Sarah Garcia,Female,55,11,3,7,5,46,Married,Others,6,662.78,2026-07-11,3,51.61,1,1,60.25
C-10074,Robert Rodriguez,Male,44,12,2,9,2,9,Married,Grocery,3,526.51,2026-07-04,10,72.85,0,1,43.88
C-10075,Jennifer Rodriguez,Female,69,55,1,4,6,45,Divorced,Laptop & Accessory,4,914.4,2026-06-24,20,30.59,1,1,16.63
C-10076,Patricia Wilson,Female,50,9,3,9,6,23,Single,Fashion,10,1300.41,2026-07-07,7,73.3,0,0,144.49
C-10077,Sarah Garcia,Female,18,32,1,10,5,36,Divorced,Fashion,14,3620.45,2026-03-31,105,325.42,1,0,113.14
C-10078,Thomas Jones,Male,61,56,5,9,1,40,Single,Mobile Phone,15,3100.72,2026-07-03,11,343.49,0,0,55.37
C-10079,Patricia Garcia,Female,70,39,4,4,4,3,Divorced,Laptop & Accessory,7,1396.32,2026-07-04,10,142.4,0,0,35.8
C-10080,David Garcia,Male,51,53,5,3,5,34,Married,Fashion,7,1525.27,2025-12-11,215,217.22,0,1,28.78
C-10081,Elizabeth Wilson,Female,21,15,2,2,2,19,Single,Grocery,8,939.06,2026-03-30,106,115.91,0,0,62.6
C-10082,John Miller,Male,34,44,5,9,4,28,Single,Others,10,2058.53,2026-06-26,18,190.25,0,0,46.78
C-10083,Elizabeth Jones,Female,21,34,1,2,2,23,Single,Laptop & Accessory,19,4257.02,2026-05-04,71,203.95,0,0,125.21
C-10084,James Johnson,Male,60,2,5,6,3,40,Single,Laptop & Accessory,19,1630.99,2026-06-21,23,128.22,0,0,500.0
C-10085,Joseph Williams,Male,43,55,1,5,2,49,Divorced,Fashion,2,1136.41,2025-10-07,280,125.16,0,0,20.66
C-10086,Karen Williams,Female,21,4,2,5,4,45,Divorced,Fashion,15,2452.3,2026-07-11,3,316.19,1,1,500.0
C-10087,Joseph Garcia,Male,18,25,5,4,3,7,Single,Fashion,1,536.99,2026-03-03,133,77.74,0,1,21.48
C-10088,Patricia Garcia,Female,24,10,4,6,4,41,Single,Grocery,10,936.65,2026-01-29,166,92.46,0,1,93.66
C-10089,Mary Miller,Female,47,6,4,5,6,12,Single,Mobile Phone,6,1510.82,2025-11-19,237,133.71,0,0,251.8
C-10090,Jessica Williams,Female,67,52,4,4,4,14,Divorced,Fashion,13,3177.32,2025-11-27,229,70.85,0,1,61.1
C-10091,Jessica Smith,Female,26,55,5,9,3,46,Single,Mobile Phone,10,3100.16,2026-06-18,26,91.06,0,0,56.37
C-10092,Sarah Rodriguez,Female,52,9,5,6,2,15,Single,Mobile Phone,12,2492.03,2025-10-02,285,100.41,0,0,276.89
C-10093,Elizabeth Wilson,Female,25,41,5,10,6,3,Single,Laptop & Accessory,6,2154.25,2025-08-05,343,58.42,0,0,52.54
C-10094,Linda Miller,Female,41,51,1,10,1,15,Divorced,Others,6,1750.4,2026-04-28,77,126.23,0,0,34.32
C-10095,Susan Jones,Female,36,33,2,10,1,24,Married,Others,1,576.15,2025-07-29,350,36.76,0,1,17.46
C-10096,Karen Rodriguez,Female,53,2,4,3,1,46,Married,Grocery,12,3252.75,2026-06-29,15,334.56,1,0,500.0
C-10097,Jennifer Davis,Female,67,7,1,10,1,8,Divorced,Grocery,10,2356.46,2026-07-02,12,211.22,0,0,336.64
C-10098,Karen Wilson,Female,69,30,4,6,5,5,Married,Others,14,2834.83,2026-07-04,10,276.33,0,0,94.49
C-10099,William Davis,Male,60,10,1,1,1,4,Single,Others,15,1873.06,2026-07-07,7,152.39,0,1,187.31
C-10100,John Brown,Male,44,44,5,5,3,14,Single,Laptop & Accessory,4,1494.49,2025-12-06,220,83.85,0,1,33.97
C-10101,Patricia Davis,Female,49,6,4,10,1,16,Divorced,Laptop & Accessory,1,230.14,2026-05-10,65,33.11,0,1,38.36
C-10102,Patricia Smith,Female,31,44,5,6,4,20,Divorced,Others,8,2081.42,2026-07-08,6,65.01,0,0,47.3
C-10103,Sarah Smith,Female,35,1,4,8,1,24,Married,Fashion,3,219.42,2026-06-29,15,31.17,0,0,219.42
C-10104,Jessica Johnson,Female,45,5,3,9,2,6,Married,Fashion,14,2490.73,2026-07-08,6,150.59,0,0,498.15
C-10105,Jessica Williams,Female,46,40,1,3,3,31,Single,Laptop & Accessory,17,4217.17,2025-10-24,263,365.4,0,0,105.43
C-10106,Barbara Williams,Female,33,31,3,2,3,6,Divorced,Mobile Phone,2,702.04,2026-01-17,178,23.97,0,1,22.65
C-10107,Susan Wilson,Female,52,19,1,4,6,35,Married,Others,15,2622.08,2026-01-19,176,76.62,0,0,138.0
C-10108,Sarah Johnson,Female,64,56,2,8,5,15,Married,Grocery,6,1195.14,2026-07-01,13,90.64,0,0,21.34
C-10109,William Miller,Male,48,33,4,8,4,29,Single,Fashion,5,967.09,2026-06-23,21,112.59,0,0,29.31
C-10110,Linda Brown,Female,21,49,2,3,3,3,Single,Mobile Phone,14,3642.19,2026-03-08,128,200.38,0,0,74.33
C-10111,Michael Johnson,Male,54,15,2,4,2,11,Single,Fashion,19,2164.91,2026-07-11,3,201.56,0,0,144.33
C-10112,Linda Smith,Female,34,24,1,3,1,3,Single,Mobile Phone,9,2088.88,2025-08-14,334,117.45,0,0,87.04
C-10113,Barbara Smith,Female,56,11,3,10,3,28,Married,Others,8,1689.48,2026-05-11,64,119.14,0,0,153.59
C-10114,Charles Miller,Male,65,6,5,2,2,10,Divorced,Others,3,937.81,2026-01-10,185,129.27,0,1,156.3
C-10115,Mary Miller,Female,63,38,1,4,1,50,Divorced,Others,18,1553.52,2025-09-05,312,203.91,0,1,40.88
C-10116,Charles Garcia,Male,43,16,5,6,5,33,Single,Laptop & Accessory,8,776.25,2026-06-29,15,67.6,0,1,48.52
C-10117,Patricia Johnson,Female,65,44,2,5,3,48,Single,Mobile Phone,16,3264.33,2025-10-19,268,166.33,1,0,74.19
C-10118,Linda Williams,Female,56,10,5,3,3,16,Married,Grocery,15,2826.66,2026-07-05,9,127.52,0,0,282.67
C-10119,Michael Davis,Male,58,5,3,2,2,10,Single,Grocery,15,949.73,2026-07-10,4,136.79,0,0,189.95
C-10120,Mary Miller,Female,21,60,1,9,6,33,Divorced,Others,16,4703.42,2026-03-09,127,218.02,0,0,78.39
C-10121,Robert Wilson,Male,47,22,3,1,4,36,Single,Grocery,1,393.68,2026-01-14,181,49.23,0,1,17.89
C-10122,Susan Wilson,Female,47,26,3,9,5,3,Divorced,Fashion,10,1626.61,2026-06-16,28,110.55,0,0,62.56
C-10123,John Johnson,Male,39,45,1,1,4,5,Single,Mobile Phone,19,2914.56,2025-10-28,259,431.75,0,0,64.77
C-10124,Michael Smith,Male,28,5,3,7,3,12,Single,Mobile Phone,5,1376.76,2026-04-27,78,93.43,0,0,275.35
C-10125,Jennifer Rodriguez,Female,19,37,4,6,4,44,Divorced,Mobile Phone,18,2155.3,2025-07-31,348,141.6,0,1,58.25
C-10126,Susan Davis,Female,61,1,4,7,1,13,Married,Fashion,3,280.31,2026-01-23,172,28.84,0,1,280.31
C-10127,Michael Johnson,Male,29,21,4,3,5,24,Married,Laptop & Accessory,4,623.18,2025-10-31,256,90.36,1,0,29.68
C-10128,Linda Miller,Female,47,19,5,3,4,44,Single,Fashion,4,1015.02,2026-07-08,6,149.11,1,0,53.42
C-10129,Jennifer Smith,Female,53,24,3,1,1,32,Single,Mobile Phone,11,3020.06,2025-07-25,354,338.06,0,1,125.84
C-10130,Jessica Jones,Female,35,14,1,4,2,16,Divorced,Mobile Phone,9,1334.7,2026-07-02,12,157.63,0,0,95.34
C-10131,William Brown,Male,43,59,1,2,4,32,Divorced,Mobile Phone,1,683.37,2026-02-10,154,63.72,0,0,11.58
C-10132,David Williams,Male,70,48,5,10,5,45,Single,Grocery,16,2116.78,2026-07-08,6,250.31,0,0,44.1
C-10133,Thomas Jones,Male,24,28,1,8,1,37,Divorced,Laptop & Accessory,9,2123.16,2026-03-17,119,279.77,0,1,75.83
C-10134,Robert Smith,Male,18,7,4,3,4,36,Married,Fashion,11,1296.6,2025-10-01,286,107.87,0,0,185.23
C-10135,Charles Miller,Male,43,36,3,7,2,21,Married,Mobile Phone,6,1975.92,2025-07-19,360,198.74,0,0,54.89
C-10136,John Williams,Male,40,48,1,7,4,47,Divorced,Others,17,1771.54,2026-06-29,15,159.17,1,1,36.91
C-10137,James Rodriguez,Male,43,51,1,9,1,12,Divorced,Laptop & Accessory,12,1207.11,2025-08-30,318,112.41,1,0,23.67
C-10138,Joseph Johnson,Male,62,32,2,6,4,21,Divorced,Others,8,896.76,2026-06-08,36,121.7,0,1,28.02
C-10139,Joseph Rodriguez,Male,23,21,2,1,5,21,Married,Laptop & Accessory,16,4392.57,2026-05-13,62,290.92,1,0,209.17
C-10140,Mary Jones,Female,23,49,2,8,3,43,Single,Mobile Phone,5,1554.04,2026-02-16,148,73.14,0,1,31.72
C-10141,Joseph Johnson,Male,61,46,3,1,1,6,Divorced,Laptop & Accessory,1,749.44,2026-06-30,14,59.44,0,0,16.29
C-10142,Linda Davis,Female,25,4,4,3,1,9,Divorced,Laptop & Accessory,17,2319.26,2025-12-20,206,109.12,0,0,500.0
C-10143,Jennifer Jones,Female,41,38,4,5,1,1,Divorced,Mobile Phone,8,1205.36,2026-01-25,170,102.2,0,1,31.72
C-10144,Jessica Wilson,Female,39,17,4,8,1,12,Single,Others,10,2074.94,2025-09-17,300,285.21,0,0,122.06
C-10145,Robert Brown,Male,36,37,3,9,4,14,Divorced,Others,18,3690.23,2026-07-10,4,370.01,1,0,99.74
C-10146,Thomas Davis,Male,54,53,3,7,5,6,Divorced,Grocery,15,3496.34,2026-04-05,100,458.74,0,0,65.97
C-10147,James Brown,Male,35,52,2,9,2,1,Married,Others,20,3257.67,2026-01-09,186,135.53,0,1,62.65
C-10148,Michael Rodriguez,Male,48,36,1,3,5,22,Divorced,Others,13,1029.17,2025-08-01,347,141.11,0,1,28.59
C-10149,Barbara Rodriguez,Female,54,29,5,5,1,34,Married,Laptop & Accessory,10,877.58,2026-06-24,20,86.21,0,1,30.26
C-10150,David Miller,Male,47,50,5,10,6,11,Single,Grocery,9,2443.61,2026-06-19,25,58.96,1,0,48.87
C-10151,William Jones,Male,59,30,1,8,4,3,Divorced,Mobile Phone,13,2650.59,2026-07-09,5,271.17,0,1,88.35
C-10152,John Garcia,Male,50,9,2,1,6,42,Divorced,Mobile Phone,3,855.76,2026-06-21,23,122.96,0,0,95.08
C-10153,Joseph Smith,Male,27,14,1,8,4,6,Married,Fashion,3,515.31,2026-07-12,2,15.61,0,1,36.81
C-10154,Joseph Jones,Male,54,41,1,7,1,6,Single,Grocery,1,663.87,2025-11-19,237,63.55,0,1,16.19
C-10155,Patricia Johnson,Female,29,58,5,1,4,20,Single,Laptop & Accessory,2,892.75,2026-07-06,8,124.1,0,0,15.39
C-10156,David Rodriguez,Male,47,47,2,10,1,21,Married,Fashion,11,1285.92,2026-04-03,102,27.34,0,0,27.36
C-10157,Mary Miller,Female,44,43,3,10,5,2,Single,Fashion,14,4552.69,2025-08-24,324,464.46,1,0,105.88
C-10158,Thomas Garcia,Male,56,17,5,6,3,26,Single,Mobile Phone,10,1949.84,2026-03-03,133,159.37,1,1,114.7
C-10159,Barbara Williams,Female,26,22,3,1,4,31,Single,Others,7,1671.59,2026-05-15,60,108.83,1,0,75.98
C-10160,Joseph Rodriguez,Male,38,32,2,2,1,26,Single,Laptop & Accessory,1,537.7,2026-02-08,156,54.62,0,0,16.8
C-10161,James Rodriguez,Male,29,15,1,5,6,32,Single,Grocery,7,1134.22,2026-04-20,85,30.46,1,1,75.61
C-10162,Barbara Miller,Female,46,53,4,2,1,10,Single,Fashion,15,4083.23,2025-11-09,247,481.41,0,0,77.04
C-10163,Linda Smith,Female,50,37,4,10,6,23,Single,Laptop & Accessory,11,3313.23,2025-12-24,202,68.19,1,1,89.55
C-10164,Karen Garcia,Female,60,34,2,1,4,6,Single,Mobile Phone,6,1220.78,2026-06-17,27,73.13,1,0,35.91
C-10165,John Smith,Male,70,33,4,6,2,23,Divorced,Fashion,7,1829.75,2026-02-18,146,156.47,1,0,55.45
C-10166,Patricia Smith,Female,32,27,3,8,6,28,Married,Fashion,7,1944.97,2026-07-13,1,134.23,1,1,72.04
C-10167,James Rodriguez,Male,19,1,4,8,1,49,Single,Mobile Phone,1,107.53,2025-09-29,288,6.45,0,1,107.53
C-10168,James Brown,Male,69,29,2,8,4,30,Married,Mobile Phone,10,1621.49,2026-06-18,26,207.56,0,0,55.91
C-10169,Karen Miller,Female,56,12,2,6,1,14,Single,Mobile Phone,15,1277.98,2026-02-28,136,180.87,0,0,106.5
C-10170,Susan Johnson,Female,70,40,3,3,2,37,Single,Laptop & Accessory,8,2004.42,2026-05-05,70,267.76,0,1,50.11
C-10171,David Davis,Male,61,15,4,1,3,32,Divorced,Laptop & Accessory,19,4904.45,2025-10-30,257,431.18,0,0,326.96
C-10172,Charles Wilson,Male,35,58,4,2,2,49,Married,Laptop & Accessory,3,1188.13,2026-07-01,13,160.33,0,1,20.49
C-10173,Patricia Johnson,Female,20,4,1,5,5,34,Married,Others,15,1464.19,2026-06-23,21,204.56,0,0,366.05
C-10174,Karen Davis,Female,24,54,5,10,4,41,Divorced,Fashion,4,1286.37,2025-11-04,252,94.16,0,0,23.82
C-10175,Mary Garcia,Female,60,27,2,5,2,44,Divorced,Laptop & Accessory,6,1822.4,2026-01-08,187,103.6,1,1,67.5
C-10176,Robert Miller,Male,35,52,1,10,3,22,Married,Others,10,1776.81,2026-07-03,11,58.23,0,0,34.17
C-10177,Thomas Miller,Male,61,38,2,1,1,31,Single,Fashion,18,5026.93,2026-01-26,169,413.63,0,1,132.29
C-10178,Thomas Davis,Male,55,44,1,1,4,7,Single,Laptop & Accessory,16,4378.49,2026-06-16,28,626.21,0,1,99.51
C-10179,Thomas Johnson,Male,54,19,5,9,6,41,Married,Mobile Phone,18,1187.83,2026-07-14,0,110.37,1,1,62.52
C-10180,Joseph Garcia,Male,50,23,1,2,2,21,Single,Grocery,6,889.18,2026-04-04,101,94.95,0,1,38.66
C-10181,John Brown,Male,61,60,2,7,3,16,Divorced,Laptop & Accessory,19,4128.98,2026-06-23,21,143.17,0,1,68.82
C-10182,Susan Brown,Female,48,26,4,10,2,20,Divorced,Grocery,17,4159.87,2026-03-30,106,160.81,1,1,160.0
C-10183,Michael Miller,Male,28,29,2,4,5,43,Divorced,Laptop & Accessory,18,5152.39,2025-10-22,265,414.16,0,1,177.67
C-10184,Charles Miller,Male,21,57,3,7,4,44,Married,Mobile Phone,13,3303.39,2026-06-25,19,474.58,0,0,57.95
C-10185,Charles Williams,Male,35,44,3,8,1,47,Married,Grocery,7,1455.6,2025-11-10,246,97.38,0,0,33.08
C-10186,Sarah Wilson,Female,21,26,3,5,3,50,Married,Others,20,2183.14,2026-06-24,20,292.7,0,0,83.97
C-10187,John Miller,Male,66,25,3,1,2,19,Single,Mobile Phone,12,3130.11,2025-12-12,214,111.55,0,1,125.2
C-10188,Richard Rodriguez,Male,51,6,5,4,4,48,Married,Grocery,2,263.39,2026-07-02,12,26.39,0,1,43.9
C-10189,Jennifer Wilson,Female,46,41,4,10,2,32,Married,Grocery,12,3096.29,2026-06-17,27,303.68,0,1,75.52
C-10190,Robert Davis,Male,41,46,4,3,4,15,Divorced,Mobile Phone,12,1603.63,2025-09-13,304,211.33,0,0,34.86
C-10191,Michael Garcia,Male,39,52,2,10,5,5,Single,Mobile Phone,4,811.05,2026-02-11,153,16.57,0,1,15.6
C-10192,Richard Jones,Male,19,58,1,5,2,11,Single,Mobile Phone,4,1031.1,2026-07-13,1,46.08,0,1,17.78
C-10193,Richard Williams,Male,61,37,2,10,5,15,Divorced,Fashion,18,2552.18,2025-08-01,347,123.93,1,1,68.98
C-10194,John Miller,Male,23,4,2,10,6,29,Single,Others,16,3428.84,2026-06-17,27,492.02,0,1,500.0
C-10195,Patricia Williams,Female,59,22,2,6,6,50,Married,Laptop & Accessory,14,1483.09,2026-06-22,22,59.29,1,1,67.41
C-10196,Barbara Jones,Female,42,27,2,2,3,45,Single,Grocery,17,5073.8,2026-07-05,9,125.86,0,1,187.92
C-10197,Jessica Rodriguez,Female,38,33,4,7,5,4,Divorced,Laptop & Accessory,17,3536.04,2026-06-24,20,316.4,0,1,107.15
C-10198,Robert Wilson,Male,33,52,1,3,4,49,Single,Mobile Phone,3,1038.2,2026-05-06,69,92.1,0,0,19.97
C-10199,Robert Williams,Male,48,14,2,1,3,36,Divorced,Others,6,1092.04,2026-07-11,3,141.67,0,0,78.0
C-10200,David Smith,Male,31,31,4,10,2,48,Married,Others,13,2801.45,2026-06-19,25,401.59,0,0,90.37
C-10201,Susan Smith,Female,56,25,2,3,2,23,Married,Fashion,9,750.51,2026-07-13,1,67.55,0,0,30.02
C-10202,William Wilson,Male,45,47,3,9,4,15,Divorced,Mobile Phone,9,3147.69,2026-07-06,8,443.51,0,0,66.97
C-10203,Joseph Brown,Male,49,30,2,10,1,46,Married,Grocery,8,1815.05,2026-02-12,152,207.41,0,0,60.5
C-10204,Elizabeth Brown,Female,45,18,2,6,1,44,Married,Fashion,17,1179.58,2025-07-20,359,64.16,1,0,65.53
C-10205,Michael Garcia,Male,68,8,5,6,2,3,Single,Mobile Phone,16,3239.91,2026-07-12,2,455.84,1,0,404.99
C-10206,Patricia Smith,Female,66,28,3,4,4,32,Married,Fashion,16,2828.32,2026-02-26,138,301.97,0,0,101.01
C-10207,Jennifer Rodriguez,Female,26,53,1,8,1,10,Divorced,Laptop & Accessory,19,1594.18,2025-10-26,261,117.7,0,1,30.08
C-10208,Linda Wilson,Female,62,60,2,5,5,40,Married,Mobile Phone,16,5097.72,2026-02-06,158,552.75,0,1,84.96
C-10209,William Johnson,Male,39,57,1,7,2,38,Single,Grocery,14,1306.98,2025-09-27,290,94.33,0,1,22.93
C-10210,Michael Johnson,Male,49,50,3,9,6,22,Divorced,Grocery,20,4389.36,2026-06-16,28,152.94,0,0,87.79
C-10211,John Brown,Male,22,38,2,5,5,14,Married,Mobile Phone,14,4446.27,2025-10-29,258,504.51,1,1,117.01
C-10212,David Davis,Male,40,3,5,5,4,17,Married,Fashion,14,1561.62,2025-08-23,325,198.53,1,1,500.0
C-10213,Charles Williams,Male,22,2,4,4,6,21,Married,Others,14,1609.63,2026-06-21,23,184.7,0,0,500.0
C-10214,Robert Wilson,Male,59,55,5,6,5,48,Divorced,Mobile Phone,12,1151.27,2026-06-23,21,57.32,0,1,20.93
C-10215,David Williams,Male,70,28,5,2,1,15,Single,Grocery,6,679.53,2026-06-08,36,98.1,0,0,24.27
C-10216,Patricia Garcia,Female,49,51,4,3,1,15,Divorced,Laptop & Accessory,20,1734.44,2026-06-24,20,40.38,0,0,34.01
C-10217,William Smith,Male,27,10,4,1,6,1,Divorced,Grocery,13,3423.63,2026-06-16,28,216.54,0,0,342.36
C-10218,Jennifer Wilson,Female,56,32,4,2,3,24,Single,Others,16,4466.95,2026-06-30,14,240.38,0,0,139.59
C-10219,Joseph Brown,Male,32,37,2,2,2,12,Divorced,Grocery,9,2455.08,2026-07-03,11,64.46,0,0,66.35
C-10220,Richard Wilson,Male,24,57,1,8,6,10,Divorced,Others,2,846.37,2026-06-28,16,61.57,1,1,14.85
C-10221,John Davis,Male,46,10,1,8,4,46,Married,Mobile Phone,3,865.94,2026-05-28,47,87.46,0,0,86.59
C-10222,Elizabeth Jones,Female,64,26,4,2,2,42,Divorced,Grocery,10,2109.44,2026-06-29,15,284.21,0,0,81.13
C-10223,Barbara Rodriguez,Female,20,32,5,6,5,42,Married,Fashion,20,2841.55,2025-08-31,317,422.42,1,0,88.8
C-10224,Barbara Garcia,Female,36,20,3,5,4,31,Divorced,Fashion,2,518.64,2026-07-07,7,64.86,0,0,25.93
C-10225,Susan Rodriguez,Female,27,38,4,3,4,11,Married,Grocery,10,1044.42,2026-07-04,10,84.52,0,0,27.48
C-10226,Michael Johnson,Male,45,30,5,5,1,16,Married,Grocery,8,2589.82,2025-12-29,197,295.45,1,0,86.33
C-10227,Susan Miller,Female,46,37,5,5,5,9,Married,Laptop & Accessory,17,3851.24,2026-06-19,25,499.39,1,0,104.09
C-10228,James Rodriguez,Male,32,45,2,5,1,47,Single,Grocery,1,682.81,2026-07-08,6,54.96,0,1,15.17
C-10229,Thomas Johnson,Male,52,1,2,3,1,14,Divorced,Laptop & Accessory,6,1324.88,2026-07-07,7,161.71,0,0,500.0
C-10230,Jennifer Jones,Female,23,26,1,3,3,19,Divorced,Laptop & Accessory,7,1778.56,2025-12-04,222,147.17,0,0,68.41
C-10231,Elizabeth Smith,Female,29,35,1,4,1,31,Divorced,Laptop & Accessory,15,1164.73,2026-07-13,1,81.82,0,0,33.28
C-10232,Jessica Garcia,Female,64,10,3,7,2,9,Single,Laptop & Accessory,18,3364.17,2026-06-19,25,297.37,0,0,336.42
C-10233,Linda Davis,Female,55,46,3,2,4,36,Married,Mobile Phone,9,2758.85,2026-07-13,1,297.57,0,0,59.98
C-10234,Karen Williams,Female,30,17,3,10,1,39,Divorced,Fashion,8,659.04,2026-06-22,22,75.46,1,1,38.77
C-10235,Barbara Wilson,Female,46,58,3,4,6,26,Single,Laptop & Accessory,10,3470.41,2026-07-11,3,230.35,0,0,59.83
C-10236,Karen Rodriguez,Female,36,0,5,4,2,8,Single,Fashion,4,624.16,2026-06-25,19,58.84,1,0,500.0
C-10237,Mary Jones,Female,20,34,5,1,5,24,Divorced,Laptop & Accessory,20,2789.48,2026-07-05,9,385.74,0,0,82.04
C-10238,Michael Garcia,Male,25,34,1,10,4,8,Married,Fashion,8,1803.64,2026-06-21,23,264.99,0,0,53.05
C-10239,Mary Rodriguez,Female,25,30,2,8,6,19,Single,Grocery,1,550.3,2026-07-01,13,27.26,1,0,18.34
C-10240,Barbara Brown,Female,37,27,2,1,6,47,Divorced,Grocery,8,1619.51,2026-06-21,23,72.99,0,1,59.98
C-10241,Thomas Jones,Male,64,38,4,8,5,48,Married,Fashion,12,2915.32,2026-06-30,14,314.76,0,0,76.72
C-10242,Elizabeth Jones,Female,21,0,5,7,6,30,Single,Laptop & Accessory,15,2624.68,2026-06-26,18,193.99,0,0,500.0
C-10243,James Smith,Male,68,24,3,9,2,22,Single,Mobile Phone,13,2941.63,2026-02-25,139,68.1,0,1,122.57
C-10244,Joseph Garcia,Male,38,42,3,8,5,9,Divorced,Fashion,16,1772.12,2026-06-29,15,115.35,0,0,42.19
C-10245,Barbara Brown,Female,20,37,4,5,6,44,Divorced,Others,18,1443.99,2025-08-09,339,180.32,0,0,39.03
C-10246,John Johnson,Male,62,19,2,8,5,48,Married,Mobile Phone,1,274.23,2026-07-14,0,33.91,0,1,14.43
C-10247,Thomas Jones,Male,25,2,3,10,5,4,Divorced,Others,17,2084.81,2026-06-30,14,175.77,0,1,500.0
C-10248,Michael Wilson,Male,40,50,2,3,1,37,Divorced,Fashion,16,2313.42,2026-06-24,20,188.39,0,1,46.27
C-10249,James Davis,Male,33,1,4,10,1,8,Married,Laptop & Accessory,5,1028.97,2026-01-21,174,98.1,0,0,500.0
C-10250,Jennifer Miller,Female,30,17,2,7,1,1,Divorced,Others,20,3449.45,2026-07-03,11,167.37,0,0,202.91
C-10251,William Jones,Male,20,43,2,4,6,28,Married,Fashion,10,1027.03,2025-11-21,235,90.77,0,0,23.88
C-10252,Elizabeth Smith,Female,65,60,2,5,4,6,Married,Mobile Phone,6,952.3,2026-06-23,21,20.41,0,0,15.87
C-10253,James Williams,Male,26,9,3,9,2,47,Married,Laptop & Accessory,12,961.76,2026-06-30,14,78.69,1,0,106.86
C-10254,Charles Brown,Male,31,4,1,7,6,36,Divorced,Others,10,1422.7,2026-05-30,45,90.61,0,1,355.68
C-10255,William Johnson,Male,30,8,5,4,1,11,Married,Fashion,17,956.28,2025-12-08,218,103.02,0,0,119.54
C-10256,Joseph Johnson,Male,70,1,2,6,5,5,Divorced,Laptop & Accessory,2,356.99,2026-06-18,26,36.76,0,0,356.99
C-10257,Sarah Johnson,Female,24,33,2,10,6,50,Married,Laptop & Accessory,19,2993.18,2025-09-12,305,208.05,0,0,90.7
C-10258,Sarah Davis,Female,32,59,2,7,5,24,Divorced,Grocery,20,4367.21,2026-06-18,26,91.47,0,1,74.02
C-10259,Joseph Johnson,Male,24,37,1,10,5,47,Married,Laptop & Accessory,6,1751.24,2026-06-21,23,92.46,0,1,47.33
C-10260,Richard Miller,Male,55,60,4,9,5,18,Single,Fashion,13,2065.66,2025-11-28,228,211.39,0,1,34.43
C-10261,Linda Davis,Female,51,30,3,4,3,20,Single,Mobile Phone,9,1103.44,2026-02-21,143,32.45,0,0,36.78
C-10262,Michael Johnson,Male,58,9,1,10,4,28,Single,Grocery,12,1524.16,2026-06-28,16,51.81,1,0,169.35
C-10263,Charles Davis,Male,39,49,2,3,2,13,Married,Fashion,18,1397.93,2026-05-11,64,145.54,0,0,28.53
C-10264,Joseph Johnson,Male,41,11,1,8,2,5,Divorced,Fashion,8,750.03,2026-06-23,21,88.69,0,1,68.18
C-10265,Elizabeth Smith,Female,66,35,1,1,1,30,Married,Fashion,18,4628.74,2026-07-05,9,286.06,0,0,132.25
C-10266,Susan Garcia,Female,54,53,1,9,3,1,Married,Others,2,741.4,2026-07-03,11,62.02,1,0,13.99
C-10267,Barbara Jones,Female,61,20,4,1,6,22,Married,Others,8,2588.6,2026-04-24,81,370.02,0,0,129.43
C-10268,David Johnson,Male,18,48,5,2,6,18,Married,Mobile Phone,10,1399.58,2026-05-29,46,200.03,0,0,29.16
C-10269,James Davis,Male,27,46,3,8,2,46,Divorced,Fashion,9,2684.74,2026-06-15,29,161.02,0,0,58.36
C-10270,Susan Wilson,Female,60,5,4,9,4,5,Married,Others,18,4122.7,2026-02-17,147,516.57,0,0,500.0
C-10271,Karen Johnson,Female,33,47,4,7,5,31,Single,Others,8,1514.26,2026-07-09,5,147.21,0,0,32.22
C-10272,Patricia Smith,Female,63,48,5,3,1,6,Single,Others,19,3001.01,2026-07-09,5,440.59,0,0,62.52
C-10273,Karen Garcia,Female,25,2,4,7,4,27,Single,Mobile Phone,3,592.66,2026-07-14,0,48.65,0,0,296.33
C-10274,Joseph Smith,Male,66,9,1,6,2,25,Married,Mobile Phone,9,2457.84,2026-07-08,6,296.69,0,1,273.09
C-10275,Jessica Rodriguez,Female,42,4,1,2,3,29,Divorced,Fashion,13,1945.11,2026-07-09,5,233.14,1,1,486.28
C-10276,Michael Smith,Male,67,45,2,3,1,28,Divorced,Grocery,9,1037.65,2026-03-08,128,87.85,1,0,23.06
C-10277,Mary Williams,Female,29,25,4,10,2,16,Divorced,Fashion,20,3122.1,2026-07-11,3,385.37,0,0,124.88
C-10278,William Jones,Male,42,60,2,10,6,12,Married,Others,12,1821.94,2026-05-21,54,98.27,0,0,30.37
C-10279,Sarah Wilson,Female,34,20,3,5,1,20,Divorced,Others,13,3902.42,2026-06-03,41,140.07,0,0,195.12
C-10280,Patricia Johnson,Female,43,44,1,10,2,18,Single,Laptop & Accessory,8,2234.55,2026-03-25,111,168.2,0,1,50.79
C-10281,Barbara Rodriguez,Female,63,25,3,4,6,34,Divorced,Fashion,15,1190.62,2026-05-20,55,169.87,0,0,47.62
C-10282,Mary Rodriguez,Female,65,37,5,2,6,23,Married,Others,13,1972.21,2026-07-11,3,167.83,0,0,53.3
C-10283,Thomas Rodriguez,Male,31,43,1,4,5,45,Married,Others,13,1243.2,2026-02-16,148,127.53,1,1,28.91
C-10284,Elizabeth Rodriguez,Female,58,25,3,8,3,27,Divorced,Grocery,17,4627.57,2026-07-10,4,468.04,0,0,185.1
C-10285,Michael Johnson,Male,53,7,5,5,5,49,Married,Laptop & Accessory,15,4218.61,2026-06-27,17,157.08,0,0,500.0
C-10286,David Brown,Male,40,4,3,5,2,17,Divorced,Fashion,19,1523.33,2026-01-09,186,107.76,0,0,380.83
C-10287,David Williams,Male,60,14,5,10,4,48,Divorced,Mobile Phone,3,620.22,2026-06-24,20,69.4,0,0,44.3
C-10288,David Johnson,Male,23,58,5,3,5,21,Single,Fashion,14,4541.59,2025-10-24,263,664.7,1,0,78.3
C-10289,Patricia Rodriguez,Female,64,15,1,8,4,50,Married,Fashion,10,1013.03,2026-07-04,10,42.39,0,1,67.54
C-10290,Richard Williams,Male,22,0,2,6,6,40,Single,Grocery,17,2090.59,2026-07-08,6,153.36,1,0,500.0
C-10291,James Garcia,Male,60,15,5,2,2,31,Married,Fashion,8,1158.55,2026-07-06,8,37.49,0,0,77.24
C-10292,David Davis,Male,42,36,5,2,3,3,Divorced,Grocery,18,1395.26,2026-07-12,2,71.87,0,1,38.76
C-10293,Sarah Jones,Female,35,2,1,9,4,17,Married,Grocery,12,728.82,2026-07-14,0,50.27,1,0,364.41
C-10294,Mary Wilson,Female,30,51,2,7,2,50,Divorced,Others,17,5409.37,2026-06-16,28,488.38,0,0,106.07
C-10295,Susan Jones,Female,60,46,4,10,4,26,Married,Mobile Phone,11,2580.5,2025-12-16,210,128.96,0,0,56.1
C-10296,Jennifer Rodriguez,Female,31,30,4,9,5,23,Single,Grocery,9,1439.96,2026-06-17,27,71.4,0,0,48.0
C-10297,James Smith,Male,45,12,2,6,2,6,Single,Laptop & Accessory,15,2290.03,2026-05-21,54,277.36,0,0,190.84
C-10298,James Williams,Male,35,55,3,5,5,28,Divorced,Laptop & Accessory,9,2608.4,2026-07-11,3,378.59,0,1,47.43
C-10299,Barbara Wilson,Female,45,15,1,1,1,8,Single,Mobile Phone,12,1849.55,2026-01-11,184,114.8,0,0,123.3
C-10300,Robert Garcia,Male,68,54,2,6,2,45,Divorced,Grocery,11,1716.34,2026-07-01,13,187.83,0,0,31.78
C-10301,Charles Johnson,Male,44,42,4,6,4,8,Divorced,Mobile Phone,17,1702.81,2026-05-25,50,91.19,0,1,40.54
C-10302,Thomas Williams,Male,49,20,5,3,1,19,Divorced,Others,6,1593.4,2026-06-24,20,224.09,1,1,79.67
C-10303,Elizabeth Wilson,Female,64,1,4,3,5,38,Married,Laptop & Accessory,8,771.13,2026-06-27,17,82.88,0,0,500.0
C-10304,Jessica Johnson,Female,26,53,5,3,5,29,Divorced,Fashion,10,1204.12,2026-06-21,23,149.73,0,1,22.72
C-10305,David Jones,Male,57,26,1,3,4,23,Single,Laptop & Accessory,15,2611.08,2026-07-08,6,68.97,0,0,100.43
C-10306,Karen Rodriguez,Female,49,37,5,7,1,47,Married,Grocery,4,609.57,2026-06-13,31,59.62,0,1,16.47
C-10307,Elizabeth Johnson,Female,37,25,2,10,6,32,Single,Mobile Phone,18,5492.49,2026-04-27,78,486.58,0,1,219.7
C-10308,Elizabeth Brown,Female,45,57,5,2,3,10,Divorced,Laptop & Accessory,11,2845.06,2026-06-15,29,165.27,0,0,49.91
C-10309,Susan Miller,Female,50,58,3,10,4,27,Divorced,Fashion,9,1373.57,2026-06-15,29,74.33,0,0,23.68
C-10310,Patricia Jones,Female,21,37,2,10,5,49,Single,Fashion,9,1208.02,2026-06-18,26,115.25,0,0,32.65
C-10311,Richard Davis,Male,63,45,1,2,2,1,Married,Mobile Phone,8,1989.66,2026-07-03,11,222.53,0,0,44.21
C-10312,Elizabeth Rodriguez,Female,51,24,2,3,1,39,Single,Mobile Phone,3,657.42,2026-04-21,84,15.98,0,0,27.39
C-10313,Michael Williams,Male,65,10,3,10,6,29,Divorced,Laptop & Accessory,18,4484.2,2026-07-10,4,420.45,0,1,448.42
C-10314,Michael Jones,Male,20,7,1,7,3,45,Married,Grocery,14,2680.32,2026-01-22,173,113.0,0,0,382.9
C-10315,Barbara Williams,Female,43,7,4,3,2,3,Divorced,Others,3,545.0,2026-05-16,59,20.84,0,0,77.86
C-10316,John Brown,Male,25,32,3,7,1,47,Divorced,Fashion,17,5262.67,2026-07-13,1,531.56,0,1,164.46
C-10317,William Brown,Male,23,52,1,9,6,37,Single,Mobile Phone,4,1110.73,2026-06-20,24,67.1,0,0,21.36
C-10318,Robert Garcia,Male,33,6,5,10,4,31,Divorced,Others,18,2762.75,2025-08-06,342,213.6,0,0,460.46
C-10319,Karen Brown,Female,41,37,2,4,6,11,Single,Others,15,3616.65,2026-01-10,185,241.59,1,1,97.75
C-10320,Patricia Johnson,Female,65,20,1,7,4,22,Married,Others,19,4995.02,2026-06-15,29,520.9,0,0,249.75
C-10321,James Brown,Male,56,7,2,9,1,18,Divorced,Grocery,6,1309.32,2026-04-23,82,106.21,0,0,187.05
C-10322,Karen Rodriguez,Female,47,50,5,8,6,35,Divorced,Mobile Phone,15,3869.79,2026-07-04,10,562.09,0,1,77.4
C-10323,Susan Wilson,Female,62,53,1,8,3,6,Married,Fashion,7,1532.63,2026-07-11,3,100.86,0,0,28.92
C-10324,Susan Davis,Female,30,20,4,9,6,3,Single,Mobile Phone,12,2238.49,2026-06-25,19,260.2,0,1,111.92
C-10325,Jessica Smith,Female,22,55,3,5,1,5,Divorced,Laptop & Accessory,16,2138.14,2026-07-07,7,114.28,1,1,38.88
C-10326,Charles Wilson,Male,42,19,1,5,2,9,Married,Fashion,9,2170.55,2025-07-17,362,186.97,0,1,114.24
C-10327,Joseph Brown,Male,37,7,5,3,2,28,Divorced,Mobile Phone,20,2177.26,2026-05-01,74,199.95,0,0,311.04
C-10328,Linda Brown,Female,35,57,1,5,6,19,Single,Fashion,5,821.57,2026-07-11,3,51.58,0,0,14.41
C-10329,Barbara Davis,Female,64,45,2,8,6,28,Single,Laptop & Accessory,11,3567.85,2026-06-27,17,290.18,1,1,79.29
C-10330,David Smith,Male,35,30,1,5,4,27,Single,Fashion,2,553.01,2026-04-21,84,31.14,0,0,18.43
C-10331,Joseph Wilson,Male,19,49,4,4,1,13,Single,Others,16,2076.53,2026-06-26,18,43.15,0,0,42.38
C-10332,Susan Miller,Female,27,56,1,8,4,38,Married,Grocery,4,1028.15,2025-09-27,290,49.39,1,0,18.36
C-10333,David Jones,Male,62,28,3,7,3,43,Divorced,Laptop & Accessory,5,943.06,2025-11-02,254,104.69,0,1,33.68
C-10334,Barbara Rodriguez,Female,67,47,1,6,2,21,Married,Fashion,7,1650.46,2025-10-31,256,198.43,0,0,35.12
C-10335,Karen Rodriguez,Female,64,8,2,5,5,27,Single,Laptop & Accessory,6,484.03,2026-06-26,18,27.31,1,1,60.5
C-10336,Charles Garcia,Male,29,14,1,5,5,46,Single,Others,10,771.68,2026-07-04,10,56.37,0,0,55.12
C-10337,Charles Rodriguez,Male,64,29,4,10,1,6,Single,Grocery,14,2015.19,2026-04-29,76,50.09,0,0,69.49
C-10338,Karen Garcia,Female,30,25,5,2,1,38,Single,Laptop & Accessory,8,1241.53,2026-07-04,10,63.09,1,1,49.66
C-10339,Jessica Smith,Female,67,9,1,4,5,49,Divorced,Others,14,1201.76,2026-07-13,1,145.77,1,0,133.53
C-10340,Charles Jones,Male,64,28,1,8,1,11,Single,Others,14,2396.77,2026-07-04,10,236.75,0,1,85.6
C-10341,Linda Johnson,Female,28,53,3,8,2,47,Divorced,Others,20,2950.14,2026-03-18,118,137.92,0,0,55.66
C-10342,Joseph Williams,Male,36,15,4,1,3,41,Single,Fashion,3,319.54,2026-06-30,14,17.08,0,1,21.3
C-10343,Linda Davis,Female,52,35,5,2,3,17,Divorced,Mobile Phone,1,621.43,2026-06-27,17,78.41,0,0,17.76
C-10344,Charles Rodriguez,Male,56,19,2,5,4,39,Divorced,Laptop & Accessory,9,2633.54,2025-09-05,312,124.25,0,0,138.61
C-10345,John Williams,Male,70,44,1,9,2,7,Single,Mobile Phone,9,1360.66,2026-07-03,11,86.32,1,1,30.92
C-10346,Michael Wilson,Male,43,53,5,10,1,30,Married,Others,2,711.44,2026-06-16,28,75.67,0,0,13.42
C-10347,Mary Davis,Female,63,36,2,7,1,21,Married,Mobile Phone,16,3349.17,2026-07-12,2,311.29,0,0,93.03
C-10348,Patricia Jones,Female,31,21,4,10,4,1,Married,Others,8,1871.51,2026-06-27,17,149.56,0,0,89.12
C-10349,James Williams,Male,62,6,4,5,4,25,Married,Others,6,1796.31,2026-07-05,9,246.03,1,0,299.38
C-10350,Patricia Smith,Female,61,22,5,1,1,32,Married,Grocery,13,2096.38,2026-03-24,112,101.81,0,0,95.29
C-10351,Richard Jones,Male,41,40,2,6,1,8,Single,Grocery,1,604.55,2026-07-12,2,70.36,1,0,15.11
C-10352,James Miller,Male,58,39,4,8,2,5,Single,Mobile Phone,19,5511.36,2026-06-28,16,224.19,1,0,141.32
C-10353,Elizabeth Williams,Female,18,28,5,7,4,30,Single,Laptop & Accessory,15,2717.33,2026-07-04,10,271.86,1,0,97.05
C-10354,Susan Wilson,Female,68,15,4,2,2,8,Single,Mobile Phone,1,230.59,2026-07-04,10,30.71,1,1,15.37
C-10355,Thomas Rodriguez,Male,60,37,4,5,6,49,Single,Laptop & Accessory,10,1813.62,2026-07-07,7,144.23,1,1,49.02
C-10356,Sarah Johnson,Female,39,27,4,4,1,19,Single,Mobile Phone,1,354.14,2026-02-09,155,40.43,1,0,13.12
C-10357,Jennifer Davis,Female,40,47,3,9,5,44,Divorced,Fashion,12,1119.92,2026-06-28,16,141.84,0,0,23.83
C-10358,William Johnson,Male,36,37,2,10,5,30,Divorced,Fashion,11,2986.77,2026-06-23,21,112.55,0,1,80.72
C-10359,Robert Wilson,Male,35,30,5,1,6,15,Single,Laptop & Accessory,17,2163.3,2026-07-09,5,241.76,0,0,72.11
C-10360,Barbara Davis,Female,29,13,5,6,1,36,Single,Grocery,4,332.01,2025-08-06,342,46.34,0,0,25.54
C-10361,Thomas Smith,Male,45,52,2,3,4,44,Divorced,Laptop & Accessory,7,2396.76,2026-02-14,150,227.52,0,1,46.09
C-10362,Richard Garcia,Male,45,32,2,9,5,27,Divorced,Mobile Phone,12,2251.37,2026-01-17,178,99.5,0,0,70.36
C-10363,Jennifer Brown,Female,50,56,2,5,4,13,Single,Others,13,1986.29,2026-06-06,38,72.5,1,0,35.47
C-10364,Charles Miller,Male,36,8,2,6,5,14,Divorced,Fashion,5,658.49,2025-07-15,364,35.4,0,0,82.31
C-10365,Charles Davis,Male,45,56,1,9,4,37,Married,Others,6,1220.81,2026-06-21,23,40.84,0,0,21.8
C-10366,Linda Garcia,Female,69,26,5,9,5,48,Married,Fashion,2,457.28,2026-05-20,55,39.67,0,0,17.59
C-10367,Elizabeth Smith,Female,66,23,1,8,4,30,Married,Mobile Phone,7,2052.15,2026-07-09,5,59.64,0,1,89.22
C-10368,Michael Williams,Male,54,12,4,9,6,39,Divorced,Fashion,14,1416.16,2026-06-19,25,69.45,0,1,118.01
C-10369,Thomas Garcia,Male,43,25,4,4,2,47,Single,Laptop & Accessory,14,2916.49,2026-07-03,11,225.12,1,0,116.66
C-10370,Mary Miller,Female,52,28,5,6,4,13,Single,Others,10,973.3,2025-11-28,228,79.43,0,1,34.76
C-10371,Sarah Davis,Female,51,50,4,5,2,16,Single,Others,4,1649.52,2026-06-29,15,154.23,0,0,32.99
C-10372,Linda Smith,Female,52,48,2,5,2,44,Divorced,Mobile Phone,3,1082.49,2026-03-31,105,120.95,0,0,22.55
C-10373,Patricia Jones,Female,57,42,1,4,1,7,Divorced,Others,14,4281.03,2026-06-19,25,111.9,0,0,101.93
C-10374,William Garcia,Male,33,27,2,2,6,48,Married,Mobile Phone,6,1166.82,2026-06-16,28,35.57,1,0,43.22
C-10375,Barbara Garcia,Female,55,27,4,6,2,27,Divorced,Grocery,15,4060.02,2026-02-11,153,113.32,0,1,150.37
C-10376,Patricia Williams,Female,30,7,1,9,3,45,Married,Laptop & Accessory,8,2177.31,2025-11-26,230,163.32,1,1,311.04
C-10377,David Wilson,Male,40,22,2,1,2,35,Married,Fashion,5,1348.69,2025-10-27,260,34.31,0,1,61.3
C-10378,Jennifer Miller,Female,39,28,5,7,4,15,Single,Fashion,3,499.71,2026-07-12,2,58.46,0,0,17.85
C-10379,David Johnson,Male,33,4,2,6,2,28,Divorced,Fashion,3,202.06,2026-06-25,19,9.9,1,1,50.52
C-10380,Susan Johnson,Female,45,41,4,3,4,35,Single,Grocery,13,1607.82,2026-07-02,12,228.47,1,0,39.22
C-10381,Barbara Smith,Female,65,6,1,1,4,7,Single,Laptop & Accessory,2,219.05,2026-04-21,84,18.23,0,1,36.51
C-10382,Jennifer Johnson,Female,52,41,5,4,3,50,Divorced,Others,1,641.28,2026-06-26,18,50.03,0,0,15.64
C-10383,Richard Brown,Male,62,35,1,9,2,46,Divorced,Others,12,2621.02,2026-06-26,18,318.38,0,0,74.89
C-10384,Joseph Miller,Male,63,40,5,2,2,50,Married,Laptop & Accessory,8,1851.9,2025-10-03,284,208.73,0,0,46.3
C-10385,Karen Brown,Female,25,26,1,3,5,46,Married,Laptop & Accessory,19,2411.12,2026-07-04,10,238.58,0,1,92.74
C-10386,William Rodriguez,Male,61,57,4,2,5,20,Married,Fashion,9,1367.87,2025-10-21,266,193.65,0,1,24.0
C-10387,Richard Wilson,Male,39,45,5,2,1,32,Married,Others,14,1872.92,2026-04-10,95,140.27,0,0,41.62
C-10388,Thomas Davis,Male,38,1,3,10,4,38,Single,Laptop & Accessory,18,2711.25,2026-06-15,29,339.2,0,1,500.0
C-10389,James Garcia,Male,43,24,1,8,3,40,Single,Others,10,2590.36,2026-06-18,26,179.8,0,0,107.93
C-10390,Michael Williams,Male,57,8,1,3,5,32,Divorced,Laptop & Accessory,9,1102.66,2026-05-05,70,142.23,1,1,137.83
C-10391,Richard Williams,Male,38,52,2,7,2,26,Married,Mobile Phone,6,1867.92,2026-06-17,27,100.37,0,0,35.92
C-10392,Jessica Miller,Female,42,26,5,8,1,39,Married,Fashion,1,432.88,2026-06-15,29,24.94,0,0,16.65
C-10393,Elizabeth Brown,Female,58,0,3,3,3,20,Married,Laptop & Accessory,5,1356.8,2026-07-14,0,146.7,0,0,500.0
C-10394,Joseph Garcia,Male,18,22,4,2,6,18,Single,Grocery,10,1302.29,2026-07-14,0,62.06,0,0,59.2
C-10395,Mary Rodriguez,Female,23,9,2,8,2,50,Divorced,Laptop & Accessory,13,2205.28,2026-07-08,6,109.8,0,1,245.03
C-10396,Elizabeth Brown,Female,40,41,3,3,2,15,Single,Mobile Phone,4,706.66,2026-03-22,114,42.18,0,1,17.24
C-10397,Barbara Miller,Female,68,51,5,7,6,22,Divorced,Grocery,1,643.79,2026-06-18,26,69.7,0,1,12.62
C-10398,Patricia Garcia,Female,40,24,3,1,4,22,Divorced,Grocery,2,593.44,2026-04-24,81,80.48,0,1,24.73
C-10399,Richard Smith,Male,60,53,1,6,4,21,Single,Laptop & Accessory,4,1462.74,2026-06-24,20,157.53,0,0,27.6
C-10400,Elizabeth Miller,Female,60,60,1,9,5,2,Single,Mobile Phone,17,2291.83,2025-08-13,335,292.47,0,1,38.2
C-10401,Linda Johnson,Female,40,2,2,3,5,40,Divorced,Grocery,10,1065.23,2026-05-09,66,96.58,0,1,500.0
C-10402,Michael Smith,Male,49,5,5,7,2,43,Single,Fashion,12,2544.73,2026-06-04,40,73.7,0,1,500.0
C-10403,Richard Johnson,Male,47,60,5,6,2,18,Single,Fashion,2,891.23,2026-06-15,29,29.46,0,0,14.85
C-10404,Patricia Rodriguez,Female,30,57,3,8,5,23,Divorced,Others,3,1081.57,2026-07-12,2,99.58,0,0,18.97
C-10405,Elizabeth Johnson,Female,60,5,2,3,6,13,Divorced,Others,14,3676.47,2026-04-17,88,230.2,0,1,500.0
C-10406,Sarah Rodriguez,Female,35,52,5,3,5,41,Married,Mobile Phone,15,3141.56,2026-03-06,130,152.91,0,1,60.41
C-10407,Mary Williams,Female,40,1,1,4,2,9,Single,Grocery,13,2780.62,2026-03-28,108,224.16,0,0,500.0
C-10408,Linda Davis,Female,32,57,3,3,3,49,Divorced,Fashion,9,2497.74,2026-07-01,13,266.37,0,0,43.82
C-10409,Karen Brown,Female,50,57,4,9,2,7,Single,Fashion,2,1071.81,2026-01-12,183,75.08,0,0,18.8
C-10410,John Davis,Male,38,17,1,4,3,41,Single,Mobile Phone,19,4151.16,2026-07-13,1,516.12,0,1,244.19
C-10411,Barbara Williams,Female,56,22,2,6,3,1,Divorced,Grocery,16,1279.24,2026-07-09,5,148.4,1,0,58.15
C-10412,Barbara Miller,Female,40,1,5,8,2,2,Married,Mobile Phone,11,1500.98,2025-11-20,236,173.42,0,0,500.0
C-10413,William Brown,Male,44,11,1,8,1,4,Divorced,Laptop & Accessory,12,3677.95,2026-05-28,47,544.61,0,0,334.36
C-10414,Charles Smith,Male,62,21,4,5,5,14,Divorced,Fashion,1,309.13,2026-05-20,55,18.05,1,0,14.72
C-10415,Charles Miller,Male,61,36,4,5,4,32,Single,Mobile Phone,2,753.36,2025-11-20,236,78.21,0,0,20.93
C-10416,John Williams,Male,35,19,2,6,2,36,Married,Mobile Phone,16,4361.76,2025-09-03,314,572.32,0,1,229.57
C-10417,Jessica Wilson,Female,41,38,1,10,3,2,Divorced,Laptop & Accessory,2,773.28,2026-01-30,165,73.72,0,1,20.35
C-10418,Barbara Williams,Female,68,23,3,7,2,40,Single,Others,19,2948.28,2026-03-13,123,361.56,0,0,128.19
C-10419,Susan Brown,Female,64,47,1,10,5,50,Divorced,Fashion,10,1170.57,2026-06-30,14,86.48,0,1,24.91
C-10420,Sarah Jones,Female,57,19,4,7,6,14,Single,Mobile Phone,19,2857.91,2025-07-31,348,276.54,0,0,150.42
C-10421,Jennifer Johnson,Female,68,0,2,4,3,20,Divorced,Fashion,10,955.17,2026-01-16,179,26.02,0,0,500.0
C-10422,Patricia Williams,Female,59,0,2,6,4,25,Married,Others,16,4643.45,2026-04-13,92,687.93,0,0,500.0
C-10423,John Brown,Male,24,16,3,7,4,42,Divorced,Mobile Phone,13,3133.85,2026-04-21,84,388.6,0,0,195.87
C-10424,Patricia Wilson,Female,67,58,2,5,4,49,Single,Laptop & Accessory,16,4377.53,2025-11-04,252,581.97,0,1,75.47
C-10425,Thomas Johnson,Male,65,0,2,5,6,8,Divorced,Fashion,18,2861.86,2026-07-05,9,315.54,1,1,500.0
C-10426,Thomas Miller,Male,37,52,2,2,1,28,Married,Laptop & Accessory,8,1139.93,2026-06-24,20,50.37,0,1,21.92
C-10427,Mary Brown,Female,44,51,2,7,3,46,Married,Others,18,2610.22,2026-06-25,19,62.73,1,0,51.18
C-10428,James Miller,Male,23,44,2,6,6,21,Married,Others,13,1934.06,2025-10-26,261,256.08,0,1,43.96
C-10429,Linda Williams,Female,44,29,4,1,3,23,Married,Fashion,7,1491.86,2026-06-30,14,106.7,0,1,51.44
C-10430,Robert Rodriguez,Male,26,40,1,4,6,32,Single,Others,18,3374.41,2026-07-12,2,183.24,0,1,84.36
C-10431,Barbara Rodriguez,Female,70,46,5,3,6,8,Divorced,Grocery,6,1410.11,2026-01-16,179,131.16,1,1,30.65
C-10432,William Johnson,Male,62,2,2,3,1,31,Married,Fashion,9,1585.95,2026-03-05,131,118.5,0,1,500.0
C-10433,Jessica Jones,Female,48,45,5,7,3,37,Divorced,Grocery,6,2230.53,2026-05-13,62,233.57,0,0,49.57
C-10434,Patricia Brown,Female,38,54,5,10,6,16,Single,Others,18,2782.59,2026-07-02,12,230.66,0,1,51.53
C-10435,Sarah Brown,Female,43,10,4,4,1,40,Divorced,Fashion,17,3564.89,2026-07-05,9,394.42,0,0,356.49
C-10436,Linda Johnson,Female,57,23,2,8,2,42,Divorced,Grocery,12,1548.52,2026-07-01,13,202.77,0,1,67.33
C-10437,Barbara Johnson,Female,65,21,5,9,5,27,Married,Others,3,709.95,2026-07-12,2,32.25,0,0,33.81
C-10438,Richard Williams,Male,62,43,2,3,6,40,Married,Mobile Phone,5,930.06,2026-02-05,159,58.43,1,1,21.63
C-10439,Robert Jones,Male,30,44,3,5,4,41,Single,Mobile Phone,7,1766.84,2026-07-08,6,135.67,1,0,40.16
C-10440,Robert Johnson,Male,66,25,3,4,1,18,Divorced,Laptop & Accessory,10,1412.53,2026-06-12,32,204.91,1,1,56.5
C-10441,Karen Rodriguez,Female,40,12,3,10,1,35,Single,Mobile Phone,10,711.97,2026-07-02,12,48.05,0,0,59.33
C-10442,John Johnson,Male,37,0,5,6,6,49,Single,Grocery,19,4822.54,2026-02-12,152,335.37,0,0,500.0
C-10443,Jessica Rodriguez,Female,54,23,3,10,1,15,Single,Mobile Phone,4,558.26,2025-12-14,212,58.59,0,0,24.27
C-10444,Susan Williams,Female,70,9,4,4,2,27,Married,Fashion,10,1510.1,2026-07-01,13,112.5,1,0,167.79
C-10445,Thomas Williams,Male,45,34,4,8,1,17,Married,Fashion,18,3387.3,2026-02-04,160,486.62,0,0,99.63
C-10446,William Rodriguez,Male,34,23,5,3,5,40,Divorced,Fashion,3,704.36,2026-02-22,142,95.99,0,0,30.62
C-10447,Jennifer Davis,Female,45,27,2,5,5,2,Divorced,Mobile Phone,3,964.25,2026-06-26,18,83.64,1,0,35.71
C-10448,James Brown,Male,58,35,1,1,4,49,Divorced,Mobile Phone,5,1345.97,2026-06-25,19,139.74,0,0,38.46
C-10449,Linda Davis,Female,19,15,2,6,2,50,Married,Laptop & Accessory,16,2131.48,2026-02-21,143,58.71,0,1,142.1
C-10450,Jessica Smith,Female,42,39,2,5,5,31,Married,Others,20,1648.51,2025-09-02,315,182.07,0,1,42.27
C-10451,Elizabeth Davis,Female,67,15,2,8,6,37,Single,Laptop & Accessory,13,3294.68,2025-11-07,249,368.79,0,1,219.65
C-10452,Linda Brown,Female,58,58,2,9,3,41,Married,Grocery,11,2099.45,2026-07-11,3,140.02,1,1,36.2
C-10453,Linda Miller,Female,23,16,1,8,3,41,Single,Fashion,13,3701.61,2025-11-04,252,179.75,0,0,231.35
C-10454,Richard Johnson,Male,28,50,3,8,3,34,Single,Mobile Phone,19,3326.52,2025-08-18,330,462.25,0,1,66.53
C-10455,William Brown,Male,55,53,2,3,6,34,Married,Others,6,1906.49,2026-06-15,29,143.89,0,0,35.97
C-10456,Jennifer Davis,Female,23,14,4,4,1,3,Single,Others,13,3843.59,2026-05-26,49,403.51,0,0,274.54
C-10457,Barbara Davis,Female,62,15,5,4,6,17,Single,Mobile Phone,4,1001.15,2026-07-11,3,24.36,0,0,66.74
C-10458,William Miller,Male,28,14,5,5,1,14,Divorced,Laptop & Accessory,5,906.86,2026-05-24,51,66.95,0,0,64.78
C-10459,William Davis,Male,31,56,4,9,3,14,Single,Others,19,4205.15,2026-06-08,36,530.87,0,0,75.09
C-10460,Patricia Jones,Female,19,33,2,9,4,46,Married,Laptop & Accessory,5,1259.31,2025-09-02,315,88.64,0,1,38.16
C-10461,David Miller,Male,57,10,1,10,4,38,Married,Mobile Phone,14,2846.87,2025-11-23,233,280.16,0,1,284.69
C-10462,Elizabeth Wilson,Female,20,0,3,1,1,35,Single,Laptop & Accessory,4,346.82,2026-02-19,145,16.4,0,1,346.82
C-10463,Richard Wilson,Male,70,14,5,8,3,1,Divorced,Fashion,12,2835.53,2026-06-16,28,210.25,0,0,202.54
C-10464,Jessica Davis,Female,52,25,3,1,6,48,Married,Mobile Phone,6,767.56,2026-01-20,175,107.91,0,1,30.7
C-10465,William Smith,Male,50,50,1,2,4,29,Married,Mobile Phone,19,1519.43,2026-07-04,10,142.28,0,0,30.39
C-10466,Elizabeth Wilson,Female,41,3,5,7,1,4,Divorced,Others,10,2091.95,2026-07-13,1,287.12,1,0,500.0
C-10467,John Jones,Male,36,42,3,8,6,33,Single,Others,1,499.23,2026-06-26,18,68.53,0,1,11.89
C-10468,William Johnson,Male,35,4,1,1,3,17,Married,Others,16,3921.65,2025-10-31,256,559.77,0,1,500.0
C-10469,Elizabeth Brown,Female,66,34,3,3,2,28,Single,Fashion,4,1405.97,2026-07-05,9,191.78,0,0,41.35
C-10470,James Williams,Male,69,12,2,7,3,50,Single,Fashion,9,2695.66,2026-06-24,20,55.06,0,0,224.64
C-10471,Mary Jones,Female,41,9,1,9,3,26,Single,Grocery,18,3980.15,2026-03-14,122,562.88,0,0,442.24
C-10472,Michael Davis,Male,62,10,3,8,6,8,Single,Mobile Phone,17,2998.56,2026-02-06,158,113.55,0,1,299.86
C-10473,Elizabeth Wilson,Female,52,17,2,8,6,34,Married,Others,15,2241.05,2026-01-02,193,56.45,0,0,131.83
C-10474,Michael Johnson,Male,18,33,2,9,5,18,Divorced,Mobile Phone,19,3611.89,2025-10-23,264,98.25,0,0,109.45
C-10475,Linda Johnson,Female,53,38,1,10,5,31,Married,Laptop & Accessory,7,1063.12,2026-06-21,23,69.48,0,0,27.98
C-10476,Joseph Williams,Male,42,40,4,3,6,27,Divorced,Fashion,18,2867.9,2026-07-10,4,288.81,0,0,71.7
C-10477,Sarah Brown,Female,62,41,5,8,6,16,Single,Grocery,6,1786.9,2026-06-30,14,129.19,0,0,43.58
C-10478,David Wilson,Male,66,49,1,1,2,10,Divorced,Laptop & Accessory,19,2472.76,2026-06-24,20,57.67,0,1,50.46
C-10479,Elizabeth Wilson,Female,60,22,2,8,2,40,Single,Mobile Phone,12,1612.2,2026-06-15,29,132.11,0,0,73.28
C-10480,Mary Rodriguez,Female,51,6,2,7,3,12,Married,Fashion,3,772.0,2025-08-24,324,59.81,0,1,128.67
C-10481,Mary Garcia,Female,42,58,1,8,4,22,Married,Others,1,674.46,2025-10-16,271,79.85,0,0,11.63
C-10482,Thomas Rodriguez,Male,33,38,4,1,2,16,Divorced,Laptop & Accessory,5,937.36,2025-12-31,195,52.82,0,1,24.67
C-10483,Mary Johnson,Female,51,2,5,6,3,12,Single,Fashion,1,74.39,2026-06-28,16,3.59,1,1,37.2
C-10484,James Wilson,Male,46,11,3,7,1,11,Single,Mobile Phone,8,1950.1,2026-03-20,116,103.89,0,0,177.28
C-10485,Patricia Wilson,Female,36,6,1,5,5,20,Divorced,Mobile Phone,7,1491.33,2026-06-15,29,88.71,0,0,248.55
C-10486,Joseph Jones,Male,40,48,5,5,4,1,Single,Laptop & Accessory,15,3833.95,2026-07-02,12,375.31,1,0,79.87
C-10487,Susan Johnson,Female,36,25,5,7,3,27,Single,Laptop & Accessory,11,1389.4,2026-07-01,13,112.96,0,0,55.58
C-10488,Joseph Miller,Male,42,32,2,3,6,3,Single,Laptop & Accessory,18,4313.19,2026-06-18,26,275.17,0,0,134.79
C-10489,Joseph Smith,Male,33,36,3,6,1,12,Married,Grocery,14,3147.32,2026-07-04,10,216.1,1,0,87.43
C-10490,Mary Davis,Female,68,47,1,7,5,30,Married,Others,9,1743.78,2026-03-16,120,118.96,0,1,37.1
C-10491,Joseph Williams,Male,26,14,2,1,1,9,Married,Fashion,5,937.28,2025-08-23,325,137.23,0,1,66.95
C-10492,William Smith,Male,18,1,2,2,3,37,Single,Mobile Phone,4,777.92,2025-12-16,210,39.12,0,1,500.0
C-10493,Susan Jones,Female,59,40,4,4,2,1,Married,Mobile Phone,12,2479.88,2026-06-22,22,313.33,1,1,62.0
C-10494,Joseph Garcia,Male,36,6,5,8,5,42,Single,Others,1,270.46,2026-06-26,18,30.31,0,1,45.08
C-10495,Thomas Davis,Male,50,31,1,10,1,49,Single,Laptop & Accessory,13,1548.18,2026-04-23,82,32.08,0,0,49.94
C-10496,James Williams,Male,51,3,1,6,2,4,Divorced,Laptop & Accessory,1,215.18,2026-07-02,12,32.09,0,0,71.73
C-10497,Jessica Williams,Female,33,19,1,1,4,15,Single,Mobile Phone,3,677.71,2026-06-18,26,80.2,0,0,35.67
C-10498,Joseph Smith,Male,61,49,2,10,3,27,Married,Others,8,1812.04,2026-03-16,120,197.0,0,1,36.98
C-10499,Elizabeth Brown,Female,57,52,4,5,3,8,Married,Mobile Phone,18,3532.22,2026-02-19,145,256.76,1,0,67.93
C-10500,William Garcia,Male,35,35,3,7,5,23,Single,Laptop & Accessory,16,4675.89,2026-07-01,13,431.01,0,0,133.6
C-10501,Charles Brown,Male,51,31,2,6,1,15,Married,Fashion,20,5403.14,2026-07-12,2,285.96,0,1,174.29
C-10502,Michael Williams,Male,42,27,3,9,4,27,Single,Laptop & Accessory,20,4417.85,2026-06-19,25,108.74,0,0,163.62
C-10503,Susan Williams,Female,62,12,4,8,6,31,Divorced,Fashion,16,3785.95,2026-06-16,28,487.19,0,0,315.5
C-10504,Robert Wilson,Male,23,0,5,4,5,39,Single,Grocery,2,121.4,2026-03-12,124,16.58,0,1,121.4
C-10505,William Jones,Male,38,59,1,5,6,47,Single,Others,17,4601.96,2026-07-03,11,189.24,0,1,78.0
C-10506,Barbara Garcia,Female,23,55,3,7,5,8,Divorced,Grocery,10,2265.41,2026-07-05,9,277.1,1,0,41.19
C-10507,Charles Miller,Male,49,34,2,8,1,30,Married,Laptop & Accessory,7,1246.06,2025-08-30,318,144.98,0,1,36.65
C-10508,Mary Garcia,Female,58,47,3,5,4,42,Divorced,Others,10,1319.44,2026-06-24,20,56.98,0,0,28.07
C-10509,Jessica Rodriguez,Female,65,29,5,9,1,18,Divorced,Laptop & Accessory,19,1597.24,2026-01-02,193,119.53,0,0,55.08
C-10510,Thomas Johnson,Male,60,53,1,10,3,4,Single,Others,20,1754.43,2026-05-30,45,131.51,0,0,33.1
C-10511,Patricia Williams,Female,56,35,3,4,6,47,Single,Others,9,1164.04,2026-07-03,11,138.28,0,0,33.26
C-10512,James Brown,Male,48,56,5,4,2,43,Divorced,Laptop & Accessory,17,1538.11,2026-02-24,140,198.26,0,0,27.47
C-10513,Linda Rodriguez,Female,59,54,2,8,3,22,Married,Laptop & Accessory,9,2638.45,2026-06-15,29,85.28,0,0,48.86
C-10514,Sarah Rodriguez,Female,27,24,4,1,3,3,Divorced,Others,9,1249.38,2026-07-05,9,116.42,0,0,52.06
C-10515,Charles Davis,Male,47,15,2,8,6,15,Married,Others,5,860.93,2026-06-17,27,102.47,0,1,57.4
C-10516,Patricia Wilson,Female,69,57,1,5,5,35,Divorced,Laptop & Accessory,7,2359.75,2026-07-01,13,288.37,0,0,41.4
C-10517,Elizabeth Brown,Female,35,18,2,1,3,47,Divorced,Laptop & Accessory,11,1045.31,2026-07-08,6,41.02,1,1,58.07
C-10518,Jessica Johnson,Female,41,0,2,4,4,38,Married,Mobile Phone,8,2071.19,2026-01-04,191,182.92,1,0,500.0
C-10519,Barbara Jones,Female,69,4,2,2,3,33,Divorced,Mobile Phone,14,2978.39,2026-03-19,117,391.61,0,1,500.0
C-10520,Patricia Wilson,Female,26,50,2,4,4,14,Single,Mobile Phone,2,771.01,2026-06-23,21,47.35,0,0,15.42
C-10521,James Garcia,Male,48,21,1,8,1,48,Divorced,Grocery,10,1004.52,2026-06-20,24,75.61,0,0,47.83
C-10522,Patricia Davis,Female,32,23,5,5,5,1,Single,Others,16,1395.97,2026-07-09,5,173.89,0,1,60.69
C-10523,Thomas Rodriguez,Male,21,42,3,1,4,49,Married,Fashion,16,2562.06,2026-07-02,12,80.99,0,1,61.0
C-10524,Jessica Wilson,Female,57,44,4,7,3,26,Married,Grocery,19,2056.62,2026-07-02,12,270.93,0,1,46.74
C-10525,Thomas Johnson,Male,26,51,3,1,5,8,Single,Others,11,1796.2,2026-06-19,25,108.58,0,0,35.22
C-10526,David Brown,Male,62,36,3,9,5,50,Divorced,Fashion,6,739.43,2026-07-14,0,14.93,1,1,20.54
C-10527,Linda Jones,Female,26,52,4,3,4,16,Single,Mobile Phone,6,1712.51,2025-08-23,325,86.38,0,0,32.93
C-10528,Jennifer Smith,Female,43,35,1,3,4,38,Single,Fashion,7,954.23,2026-03-09,127,30.19,0,0,27.26
C-10529,Jessica Jones,Female,21,35,4,6,2,10,Married,Laptop & Accessory,16,4176.93,2026-07-06,8,133.7,0,0,119.34
C-10530,Robert Wilson,Male,34,3,1,10,2,42,Single,Laptop & Accessory,13,1389.07,2026-06-01,43,152.89,0,1,463.02
C-10531,Susan Davis,Female,33,35,3,6,5,37,Divorced,Others,3,1098.48,2026-07-07,7,52.53,0,0,31.39
C-10532,James Rodriguez,Male,32,51,1,6,6,26,Single,Grocery,9,1387.23,2026-06-24,20,196.32,0,0,27.2
C-10533,John Jones,Male,52,52,5,1,6,28,Married,Mobile Phone,3,1211.02,2026-06-19,25,105.53,0,1,23.29
C-10534,William Garcia,Male,69,17,4,5,2,12,Divorced,Others,6,969.61,2026-06-23,21,77.39,0,1,57.04
C-10535,Jessica Davis,Female,22,49,5,6,3,20,Married,Mobile Phone,17,3818.26,2026-06-11,33,291.93,0,0,77.92
C-10536,Susan Miller,Female,22,15,3,8,1,49,Single,Laptop & Accessory,3,329.0,2026-02-07,157,36.2,0,0,21.93
C-10537,David Rodriguez,Male,37,40,4,1,5,14,Single,Grocery,2,747.62,2026-04-02,103,58.91,0,1,18.69
C-10538,David Johnson,Male,32,17,3,5,1,46,Married,Grocery,12,1216.06,2026-06-17,27,44.65,1,1,71.53
C-10539,Patricia Jones,Female,35,21,5,3,2,35,Married,Laptop & Accessory,6,1239.48,2026-06-23,21,166.61,0,0,59.02
C-10540,Michael Johnson,Male,64,1,3,2,4,29,Divorced,Fashion,10,863.4,2025-11-01,255,65.35,0,0,500.0
C-10541,Jennifer Davis,Female,19,20,4,8,5,12,Married,Grocery,11,1952.0,2026-06-29,15,57.82,0,0,97.6
C-10542,Joseph Miller,Male,46,35,4,7,2,18,Married,Fashion,16,1592.48,2025-11-04,252,141.44,1,0,45.5
C-10543,Elizabeth Smith,Female,30,43,3,10,3,44,Single,Mobile Phone,16,2109.81,2026-02-10,154,219.75,0,0,49.07
C-10544,Joseph Williams,Male,21,38,4,7,5,2,Single,Grocery,18,3957.86,2025-11-03,253,220.95,0,0,104.15
C-10545,Barbara Williams,Female,59,46,4,5,5,2,Married,Laptop & Accessory,9,3107.49,2026-07-14,0,385.47,1,0,67.55
C-10546,Richard Davis,Male,62,38,3,9,6,17,Married,Fashion,19,3463.63,2026-05-30,45,370.85,1,0,91.15
C-10547,Sarah Jones,Female,27,28,5,5,4,10,Single,Mobile Phone,2,723.59,2026-06-19,25,75.65,1,1,25.84
C-10548,Jessica Wilson,Female,48,53,4,2,5,18,Divorced,Mobile Phone,1,714.86,2026-01-03,192,53.41,0,0,13.49
C-10549,Charles Garcia,Male,58,25,4,3,4,22,Divorced,Grocery,16,3043.43,2026-02-09,155,441.45,1,0,121.74
C-10550,James Jones,Male,25,20,4,4,2,19,Divorced,Grocery,18,1391.17,2026-02-05,159,77.41,0,1,69.56
C-10551,Jennifer Smith,Female,20,16,4,5,3,1,Divorced,Others,3,418.22,2026-06-26,18,39.77,0,0,26.14
C-10552,Michael Garcia,Male,65,15,3,3,3,24,Single,Others,1,420.76,2025-11-14,242,25.32,0,0,28.05
C-10553,Jennifer Wilson,Female,63,59,5,7,5,36,Married,Grocery,6,1505.25,2025-12-16,210,175.85,0,0,25.51
C-10554,John Rodriguez,Male,26,30,5,5,5,25,Divorced,Others,19,4168.08,2026-06-20,24,109.26,0,1,138.94
C-10555,Karen Jones,Female,47,50,1,5,2,36,Single,Laptop & Accessory,19,3959.11,2026-02-18,146,102.8,0,1,79.18
C-10556,Susan Johnson,Female,70,8,4,6,6,31,Married,Laptop & Accessory,11,1671.93,2026-06-17,27,209.68,1,1,208.99
C-10557,Sarah Rodriguez,Female,28,30,4,7,6,31,Divorced,Others,8,1475.63,2026-02-09,155,112.82,0,1,49.19
C-10558,Linda Brown,Female,52,13,1,10,6,2,Married,Grocery,5,1074.33,2026-06-24,20,69.14,0,0,82.64
C-10559,Barbara Wilson,Female,54,48,5,10,4,19,Divorced,Laptop & Accessory,20,2185.71,2025-08-15,333,216.34,0,1,45.54
C-10560,Karen Wilson,Female,59,36,2,8,6,12,Married,Mobile Phone,9,1681.33,2026-04-25,80,187.04,1,1,46.7
C-10561,David Smith,Male,30,1,2,9,3,10,Divorced,Grocery,15,2436.16,2026-06-15,29,112.44,0,1,500.0
C-10562,Thomas Johnson,Male,53,51,5,4,4,31,Divorced,Fashion,14,4657.94,2026-06-27,17,205.44,0,1,91.33
C-10563,William Rodriguez,Male,30,47,4,5,2,45,Married,Fashion,4,1021.45,2026-06-08,36,147.66,0,0,21.73
C-10564,Linda Williams,Female,29,45,2,5,3,22,Married,Grocery,8,2139.16,2026-07-01,13,206.76,1,0,47.54
C-10565,Susan Miller,Female,54,13,3,8,3,23,Married,Others,20,1817.08,2026-03-12,124,128.5,0,1,139.78
C-10566,Jessica Williams,Female,27,58,3,9,1,23,Single,Laptop & Accessory,17,1708.3,2026-01-19,176,212.15,0,0,29.45
C-10567,Elizabeth Wilson,Female,26,32,1,7,2,15,Single,Laptop & Accessory,2,855.77,2026-03-23,113,75.54,0,1,26.74
C-10568,Michael Brown,Male,69,34,5,5,2,26,Married,Grocery,20,4993.67,2026-01-25,170,256.76,1,1,146.87
C-10569,Michael Wilson,Male,24,57,5,3,1,3,Single,Mobile Phone,16,2640.0,2026-03-12,124,123.75,0,1,46.32
C-10570,Jessica Miller,Female,19,38,2,1,4,23,Divorced,Others,10,2141.45,2026-06-23,21,153.31,0,1,56.35
C-10571,Robert Wilson,Male,40,57,4,9,6,20,Married,Mobile Phone,2,737.87,2026-06-01,43,97.24,0,0,12.95
C-10572,William Miller,Male,56,46,5,5,6,45,Single,Grocery,11,2954.69,2026-02-17,147,82.7,1,0,64.23
C-10573,Elizabeth Miller,Female,57,50,2,9,6,40,Married,Grocery,10,1175.83,2026-06-18,26,56.92,0,1,23.52
C-10574,Joseph Davis,Male,56,19,2,10,6,39,Divorced,Mobile Phone,19,4735.91,2026-06-04,40,644.6,0,0,249.26
C-10575,Elizabeth Wilson,Female,38,1,5,4,6,8,Divorced,Fashion,14,2623.93,2026-07-08,6,94.0,0,1,500.0
C-10576,David Brown,Male,40,50,2,5,1,18,Single,Grocery,11,1816.84,2026-06-20,24,185.05,0,1,36.34
C-10577,Sarah Brown,Female,46,40,1,4,2,41,Divorced,Others,9,2790.79,2026-01-01,194,133.28,0,1,69.77
C-10578,Mary Davis,Female,31,18,1,2,4,6,Married,Mobile Phone,7,2255.63,2026-07-11,3,222.77,0,0,125.31
C-10579,Susan Brown,Female,43,58,5,1,3,27,Single,Fashion,15,2283.81,2026-06-24,20,159.42,1,0,39.38
C-10580,Jennifer Garcia,Female,68,36,4,8,6,36,Married,Mobile Phone,20,5391.23,2026-07-12,2,179.09,0,0,149.76
C-10581,William Wilson,Male,22,17,1,4,1,15,Married,Fashion,17,4208.21,2026-07-09,5,402.82,1,0,247.54
C-10582,Susan Brown,Female,48,15,1,5,4,37,Married,Fashion,3,860.39,2026-03-25,111,93.61,0,1,57.36
C-10583,Linda Garcia,Female,42,3,5,6,4,5,Divorced,Others,15,4369.63,2026-06-28,16,473.82,1,1,500.0
C-10584,Jessica Johnson,Female,48,11,3,8,4,39,Married,Grocery,14,2513.16,2025-08-18,330,258.39,0,0,228.47
C-10585,John Williams,Male,67,28,2,8,1,9,Divorced,Fashion,8,2028.34,2026-04-17,88,172.47,0,1,72.44
C-10586,Jennifer Smith,Female,37,6,1,7,3,7,Married,Grocery,4,1083.88,2025-12-21,205,94.87,0,0,180.65
C-10587,Robert Miller,Male,61,13,3,4,6,41,Divorced,Others,10,1828.84,2025-12-24,202,187.7,0,0,140.68
C-10588,Jessica Wilson,Female,34,54,4,6,4,20,Divorced,Grocery,2,880.72,2026-07-03,11,96.64,0,0,16.31
C-10589,David Jones,Male,62,11,3,4,1,10,Divorced,Laptop & Accessory,14,1925.29,2026-06-26,18,202.41,0,1,175.03
C-10590,Michael Williams,Male,19,34,5,7,2,26,Married,Fashion,8,2301.65,2026-06-17,27,221.66,0,0,67.7
C-10591,Linda Davis,Female,42,4,4,1,1,4,Married,Others,10,2255.49,2026-07-02,12,90.8,0,0,500.0
C-10592,James Davis,Male,30,16,4,5,1,38,Divorced,Mobile Phone,18,3090.13,2026-06-16,28,146.41,0,0,193.13
C-10593,Mary Johnson,Female,56,57,3,10,1,24,Married,Others,15,2892.51,2026-07-05,9,155.7,0,0,50.75
C-10594,Linda Smith,Female,45,41,5,10,4,14,Divorced,Fashion,5,750.74,2026-01-23,172,104.77,0,0,18.31
C-10595,Sarah Miller,Female,59,31,1,4,1,41,Married,Others,13,981.13,2025-07-26,353,116.48,0,0,31.65
C-10596,James Smith,Male,23,9,3,7,2,1,Divorced,Mobile Phone,18,3370.02,2026-04-24,81,309.61,0,1,374.45
C-10597,David Brown,Male,20,42,1,9,4,17,Divorced,Laptop & Accessory,2,728.75,2026-07-09,5,38.45,0,0,17.35
C-10598,Linda Miller,Female,52,16,3,5,2,45,Single,Fashion,13,3397.12,2025-12-28,198,116.91,0,0,212.32
C-10599,Susan Rodriguez,Female,35,4,1,4,5,24,Married,Fashion,14,2639.29,2026-07-06,8,361.16,0,0,500.0
C-10600,Charles Jones,Male,28,44,3,9,1,27,Married,Others,10,3281.77,2025-09-20,297,446.47,0,1,74.59
C-10601,Sarah Brown,Female,37,41,4,5,6,7,Single,Grocery,4,806.14,2026-03-18,118,27.72,0,0,19.66
C-10602,Karen Johnson,Female,22,8,2,9,6,9,Divorced,Grocery,15,4543.06,2025-08-13,335,561.7,0,1,500.0
C-10603,Jennifer Smith,Female,36,48,4,8,4,43,Divorced,Mobile Phone,8,1475.84,2026-03-10,126,115.21,0,1,30.75
C-10604,David Miller,Male,39,32,1,4,6,35,Single,Laptop & Accessory,15,3479.09,2026-07-11,3,216.11,0,1,108.72
C-10605,James Williams,Male,36,35,5,7,4,12,Single,Laptop & Accessory,14,2806.49,2026-06-18,26,325.79,0,1,80.19
C-10606,William Williams,Male,64,35,4,5,1,21,Divorced,Others,9,1609.05,2026-03-02,134,160.68,0,0,45.97
C-10607,Karen Williams,Female,33,17,2,10,3,3,Married,Others,20,1866.55,2026-03-06,130,226.61,0,1,109.8
C-10608,Karen Williams,Female,41,8,1,4,3,15,Single,Grocery,3,331.13,2025-12-25,201,9.82,0,0,41.39
C-10609,Elizabeth Jones,Female,58,56,4,5,2,21,Single,Laptop & Accessory,15,3978.15,2025-12-04,222,244.32,0,1,71.04
C-10610,Michael Smith,Male,21,28,3,5,1,10,Single,Laptop & Accessory,17,2734.98,2026-06-11,33,168.23,1,1,97.68
C-10611,Elizabeth Wilson,Female,32,60,5,9,6,33,Single,Laptop & Accessory,16,5245.19,2025-11-22,234,329.75,0,1,87.42
C-10612,Elizabeth Brown,Female,42,49,1,9,1,46,Single,Mobile Phone,4,1015.65,2026-07-14,0,86.66,0,0,20.73
C-10613,Barbara Wilson,Female,61,13,4,6,5,6,Single,Mobile Phone,11,3384.69,2025-07-26,353,192.22,0,0,260.36
C-10614,Linda Davis,Female,52,24,1,4,3,2,Divorced,Others,8,1050.85,2026-06-29,15,81.72,0,0,43.79
C-10615,Richard Johnson,Male,31,14,3,2,6,29,Divorced,Grocery,3,367.11,2026-06-23,21,24.89,0,0,26.22
C-10616,Robert Smith,Male,66,5,2,3,3,40,Single,Fashion,19,2484.71,2026-06-23,21,287.2,1,1,496.94
C-10617,Jessica Rodriguez,Female,36,55,4,2,1,33,Divorced,Grocery,14,4349.55,2025-12-15,211,428.24,0,0,79.08
C-10618,Michael Miller,Male,55,41,1,5,6,4,Married,Mobile Phone,9,2034.17,2026-07-11,3,213.53,0,1,49.61
C-10619,Thomas Miller,Male,53,28,1,6,2,4,Married,Mobile Phone,3,531.74,2026-07-12,2,25.19,0,0,18.99
C-10620,Sarah Brown,Female,24,14,1,5,1,29,Single,Others,4,542.5,2026-06-23,21,33.81,0,1,38.75
C-10621,Jessica Rodriguez,Female,47,28,2,2,2,37,Married,Fashion,4,791.26,2026-06-22,22,18.0,0,0,28.26
C-10622,Michael Jones,Male,36,3,1,5,6,20,Married,Laptop & Accessory,11,2202.96,2026-06-29,15,75.1,0,1,500.0
C-10623,Jessica Wilson,Female,66,17,5,9,3,41,Divorced,Fashion,19,2698.8,2026-07-02,12,146.97,1,1,158.75
C-10624,David Davis,Male,42,49,5,4,5,23,Divorced,Fashion,16,4278.22,2026-02-09,155,121.97,0,0,87.31
C-10625,Jennifer Davis,Female,33,56,1,10,4,45,Divorced,Fashion,17,4029.25,2026-05-31,44,396.25,0,0,71.95
C-10626,Joseph Wilson,Male,64,48,5,2,3,18,Divorced,Others,10,3164.56,2026-06-22,22,473.91,0,0,65.93
C-10627,Barbara Wilson,Female,57,43,4,3,2,49,Married,Mobile Phone,17,3409.09,2026-04-11,94,112.86,1,1,79.28
C-10628,Thomas Miller,Male,68,38,5,3,1,25,Single,Laptop & Accessory,16,2504.71,2026-07-11,3,317.5,0,0,65.91
C-10629,Thomas Brown,Male,25,15,1,9,6,1,Divorced,Fashion,20,6131.36,2026-06-30,14,217.33,0,0,408.76
C-10630,Joseph Brown,Male,35,10,3,4,3,15,Married,Laptop & Accessory,6,933.45,2026-06-25,19,99.96,1,0,93.34
C-10631,Patricia Wilson,Female,45,13,4,1,5,34,Divorced,Fashion,7,1230.05,2025-07-16,363,127.45,0,0,94.62
C-10632,Thomas Jones,Male,33,2,2,1,6,48,Married,Mobile Phone,14,3551.95,2026-07-04,10,487.87,0,1,500.0
C-10633,Michael Johnson,Male,69,50,1,7,2,20,Divorced,Laptop & Accessory,11,1293.75,2026-07-03,11,45.04,1,0,25.88
C-10634,Mary Davis,Female,36,49,2,7,6,37,Single,Grocery,12,2249.47,2026-06-28,16,137.24,0,0,45.91
C-10635,Barbara Johnson,Female,59,41,3,2,6,27,Divorced,Mobile Phone,14,1409.99,2025-08-05,343,44.84,1,0,34.39
C-10636,Joseph Brown,Male,34,37,2,9,1,22,Single,Laptop & Accessory,5,794.13,2026-04-14,91,57.94,1,0,21.46
C-10637,Joseph Davis,Male,62,44,1,9,4,5,Divorced,Fashion,5,695.8,2026-07-06,8,96.37,1,0,15.81
C-10638,Elizabeth Wilson,Female,30,41,1,5,2,34,Divorced,Fashion,20,1457.72,2025-11-22,234,177.26,0,1,35.55
C-10639,Karen Garcia,Female,24,17,3,3,1,39,Divorced,Mobile Phone,15,2346.08,2026-02-02,162,267.4,0,0,138.0
C-10640,Sarah Jones,Female,44,57,1,3,4,3,Married,Mobile Phone,1,822.29,2026-05-30,45,73.43,0,1,14.43
C-10641,Karen Jones,Female,27,19,3,3,1,17,Married,Fashion,9,1960.76,2026-05-21,54,264.41,0,1,103.2
C-10642,Patricia Jones,Female,51,57,3,6,4,24,Single,Laptop & Accessory,3,1196.19,2026-06-18,26,93.81,0,0,20.99
C-10643,Robert Davis,Male,53,47,1,4,4,24,Single,Grocery,4,1189.25,2026-03-25,111,46.93,0,0,25.3
C-10644,Karen Jones,Female,42,24,5,8,4,3,Married,Others,16,4319.17,2026-07-02,12,556.68,1,0,179.97
C-10645,Joseph Smith,Male,23,56,3,5,1,45,Single,Mobile Phone,7,2450.66,2026-07-14,0,138.1,1,1,43.76
C-10646,Robert Williams,Male,41,37,1,1,6,7,Single,Fashion,14,4044.09,2026-07-11,3,109.08,0,0,109.3
C-10647,Thomas Jones,Male,35,12,5,9,4,25,Married,Laptop & Accessory,16,4168.53,2026-07-07,7,151.67,0,0,347.38
C-10648,Sarah Rodriguez,Female,40,3,3,1,6,3,Married,Mobile Phone,18,1752.21,2026-02-15,149,173.78,0,0,500.0
C-10649,James Johnson,Male,23,54,5,6,2,15,Married,Laptop & Accessory,16,3715.5,2025-10-08,279,367.54,0,0,68.81
C-10650,William Brown,Male,46,13,4,1,5,29,Married,Mobile Phone,16,3258.65,2025-12-25,201,175.39,0,0,250.67
C-10651,Karen Rodriguez,Female,42,32,4,3,6,50,Divorced,Fashion,2,683.97,2025-09-18,299,78.34,1,1,21.37
C-10652,Richard Miller,Male,34,27,5,10,5,29,Married,Laptop & Accessory,10,1972.03,2026-03-01,135,237.77,0,1,73.04
C-10653,Richard Smith,Male,63,51,3,5,4,10,Single,Fashion,7,1016.05,2025-11-18,238,141.91,0,0,19.92
C-10654,Mary Garcia,Female,41,36,1,10,5,32,Divorced,Laptop & Accessory,15,1493.11,2026-03-22,114,143.4,0,1,41.48
C-10655,John Wilson,Male,28,7,2,7,5,23,Divorced,Mobile Phone,9,2550.13,2026-07-06,8,309.39,0,1,364.3
C-10656,Thomas Davis,Male,43,43,1,10,4,39,Single,Others,7,1882.83,2026-03-23,113,221.99,0,1,43.79
C-10657,David Smith,Male,68,33,2,8,6,9,Divorced,Others,16,2179.27,2026-07-02,12,116.62,0,0,66.04
C-10658,Mary Johnson,Female,51,43,2,9,4,37,Single,Grocery,3,789.48,2025-09-09,308,47.63,1,1,18.36
C-10659,Barbara Miller,Female,45,4,3,6,2,40,Divorced,Grocery,17,3483.33,2026-04-24,81,286.34,0,1,500.0
C-10660,Patricia Smith,Female,20,53,5,9,3,14,Divorced,Fashion,8,1743.87,2026-06-27,17,39.19,0,1,32.9
C-10661,Charles Jones,Male,28,4,1,8,1,4,Single,Laptop & Accessory,2,360.66,2026-06-21,23,21.16,0,0,90.16
C-10662,William Johnson,Male,55,30,5,9,4,20,Single,Grocery,20,1603.25,2026-06-17,27,130.83,0,0,53.44
C-10663,Barbara Rodriguez,Female,31,44,4,10,4,28,Single,Mobile Phone,3,694.05,2025-10-12,275,23.63,0,0,15.77
C-10664,John Wilson,Male,68,8,3,4,5,14,Single,Others,8,1266.7,2025-10-29,258,46.13,0,0,158.34
C-10665,John Williams,Male,43,41,3,9,2,44,Married,Laptop & Accessory,2,859.84,2026-01-29,166,68.98,0,0,20.97
C-10666,Susan Miller,Female,65,31,4,7,5,34,Married,Others,19,1488.12,2026-07-10,4,171.17,0,0,48.0
C-10667,Jessica Garcia,Female,38,32,1,5,6,13,Single,Laptop & Accessory,17,2591.87,2026-06-21,23,332.76,0,0,81.0
C-10668,David Wilson,Male,56,2,4,5,4,31,Married,Grocery,5,1138.84,2026-06-19,25,103.66,0,1,500.0
C-10669,Robert Williams,Male,47,29,1,1,4,33,Single,Grocery,20,5250.25,2026-07-02,12,429.04,0,0,181.04
C-10670,James Davis,Male,25,49,2,2,5,39,Single,Fashion,17,2148.44,2025-11-23,233,150.3,0,1,43.85
C-10671,Elizabeth Brown,Female,68,11,3,10,4,28,Divorced,Laptop & Accessory,10,2438.72,2025-11-19,237,109.95,0,0,221.7
C-10672,Karen Brown,Female,37,28,1,3,6,25,Single,Mobile Phone,9,2879.68,2026-07-11,3,112.46,0,0,102.85
C-10673,Linda Miller,Female,65,2,5,8,3,32,Single,Grocery,6,1680.22,2026-06-03,41,206.58,0,0,500.0
C-10674,Jessica Garcia,Female,49,25,5,6,1,9,Single,Fashion,11,2970.78,2026-06-17,27,239.0,0,1,118.83
C-10675,William Miller,Male,39,56,3,10,1,28,Single,Grocery,2,1016.16,2026-02-24,140,124.73,0,0,18.15
C-10676,Linda Rodriguez,Female,24,60,4,5,1,31,Divorced,Others,12,1905.41,2026-03-16,120,212.51,0,1,31.76
C-10677,Jessica Wilson,Female,26,29,4,1,3,17,Single,Grocery,12,2791.71,2026-03-18,118,126.2,0,1,96.27
C-10678,Karen Smith,Female,62,8,1,9,4,23,Divorced,Laptop & Accessory,16,3453.1,2026-02-13,151,298.14,0,1,431.64
C-10679,Patricia Rodriguez,Female,18,25,4,3,5,13,Single,Fashion,12,2070.46,2026-06-21,23,160.92,1,1,82.82
C-10680,Jessica Williams,Female,46,1,3,3,2,10,Divorced,Laptop & Accessory,18,3128.57,2026-06-26,18,234.97,0,0,500.0
C-10681,Joseph Smith,Male,25,2,1,2,4,16,Married,Mobile Phone,13,2925.59,2026-03-27,109,264.87,0,1,500.0
C-10682,Charles Brown,Male,21,45,2,4,3,6,Divorced,Mobile Phone,15,4770.38,2026-07-02,12,704.45,0,1,106.01
C-10683,Jennifer Miller,Female,52,3,4,2,6,48,Divorced,Grocery,16,2011.22,2026-03-23,113,252.76,0,0,500.0
C-10684,Richard Brown,Male,20,24,4,9,3,11,Single,Fashion,4,686.36,2026-07-08,6,94.36,0,0,28.6
C-10685,Susan Rodriguez,Female,62,50,1,10,1,3,Divorced,Fashion,12,2905.42,2025-09-18,299,69.3,1,1,58.11
C-10686,Patricia Williams,Female,57,12,5,7,4,28,Divorced,Fashion,17,1525.9,2026-02-02,162,58.36,1,1,127.16
C-10687,William Williams,Male,24,38,4,8,1,41,Single,Fashion,1,575.63,2025-07-26,353,17.86,0,0,15.15
C-10688,Joseph Wilson,Male,44,43,3,3,2,15,Married,Grocery,18,1729.83,2026-01-11,184,93.79,0,1,40.23
C-10689,Jessica Garcia,Female,18,34,4,6,6,13,Married,Laptop & Accessory,16,3102.34,2026-02-16,148,240.26,0,0,91.25
C-10690,Sarah Brown,Female,44,54,2,10,1,42,Married,Grocery,1,745.1,2026-02-25,139,77.09,0,1,13.8
C-10691,Elizabeth Jones,Female,33,22,4,6,2,45,Divorced,Laptop & Accessory,10,895.27,2026-06-15,29,76.19,0,0,40.69
C-10692,Joseph Davis,Male,55,8,5,1,3,17,Single,Others,19,2013.03,2026-07-14,0,276.62,0,0,251.63
C-10693,Sarah Garcia,Female,24,1,4,6,1,7,Married,Others,16,2151.5,2026-06-19,25,305.9,0,0,500.0
C-10694,Patricia Wilson,Female,61,60,1,3,1,28,Married,Laptop & Accessory,14,2590.1,2026-07-13,1,106.86,0,0,43.17
C-10695,Linda Miller,Female,40,53,4,3,5,38,Married,Grocery,2,968.05,2026-06-23,21,126.7,0,0,18.27
C-10696,John Davis,Male,58,40,5,3,6,13,Married,Mobile Phone,6,1493.53,2026-05-20,55,123.4,0,1,37.34
C-10697,Jennifer Williams,Female,28,43,1,10,6,17,Single,Grocery,5,1157.64,2025-10-18,269,91.38,0,0,26.92
C-10698,Patricia Garcia,Female,59,30,3,10,3,15,Married,Mobile Phone,12,2252.03,2026-04-21,84,274.84,0,0,75.07
C-10699,David Smith,Male,70,43,1,8,5,36,Divorced,Grocery,4,642.98,2025-08-17,331,20.64,0,0,14.95
C-10700,Mary Davis,Female,50,46,2,5,2,28,Divorced,Fashion,4,1430.53,2026-02-03,161,192.73,0,0,31.1
C-10701,Jessica Jones,Female,67,1,1,4,2,15,Single,Fashion,5,311.26,2026-07-09,5,33.37,0,0,311.26
C-10702,William Brown,Male,53,31,3,9,3,46,Married,Others,7,2111.31,2026-06-26,18,282.46,0,0,68.11
C-10703,Barbara Miller,Female,54,17,4,9,6,11,Married,Others,6,1281.49,2026-07-10,4,191.3,0,1,75.38
C-10704,Robert Rodriguez,Male,58,12,1,1,2,31,Divorced,Laptop & Accessory,13,2485.41,2026-06-30,14,217.08,0,1,207.12
C-10705,Richard Smith,Male,34,45,1,2,3,4,Single,Mobile Phone,4,1354.58,2026-04-22,83,43.51,1,0,30.1
C-10706,Susan Jones,Female,52,4,1,8,2,35,Divorced,Fashion,13,3483.57,2026-05-04,71,145.08,0,1,500.0
C-10707,Elizabeth Johnson,Female,65,57,1,5,4,34,Single,Grocery,4,1712.65,2026-06-23,21,106.3,0,0,30.05
C-10708,Linda Miller,Female,22,41,3,7,1,27,Single,Laptop & Accessory,10,2268.42,2026-06-29,15,75.91,0,1,55.33
C-10709,Karen Davis,Female,65,43,5,1,6,10,Single,Grocery,20,2183.29,2026-05-07,68,275.08,0,1,50.77
C-10710,William Rodriguez,Male,49,9,5,10,4,30,Divorced,Fashion,1,359.66,2025-11-19,237,21.07,0,1,39.96
C-10711,Jennifer Smith,Female,20,55,1,5,3,45,Single,Fashion,8,1031.34,2025-12-28,198,151.47,0,0,18.75
C-10712,Michael Rodriguez,Male,69,42,3,3,3,20,Divorced,Fashion,7,2182.84,2026-04-05,100,243.03,0,0,51.97
C-10713,Linda Johnson,Female,64,24,3,10,4,29,Divorced,Fashion,5,1340.53,2026-03-25,111,57.03,0,0,55.86
C-10714,Karen Jones,Female,52,33,1,2,1,29,Married,Grocery,3,1158.55,2026-06-29,15,94.87,0,1,35.11
C-10715,Jennifer Rodriguez,Female,69,36,2,2,1,23,Divorced,Laptop & Accessory,15,4475.49,2026-05-29,46,361.15,0,1,124.32
C-10716,Michael Miller,Male,31,29,1,9,5,50,Divorced,Fashion,17,1365.9,2026-04-12,93,114.77,0,0,47.1
C-10717,Patricia Miller,Female,65,6,2,4,2,21,Married,Others,13,2690.7,2026-02-23,141,241.19,0,1,448.45
C-10718,Jennifer Rodriguez,Female,48,5,1,4,5,48,Married,Laptop & Accessory,15,1267.52,2025-11-01,255,30.49,1,0,253.5
C-10719,Patricia Rodriguez,Female,48,53,2,7,1,43,Married,Others,19,1852.73,2026-05-19,56,202.35,0,0,34.96
C-10720,Elizabeth Garcia,Female,34,54,2,10,4,10,Single,Grocery,20,3781.39,2026-02-02,162,315.12,0,1,70.03
C-10721,John Miller,Male,41,2,1,10,2,41,Single,Fashion,14,1061.59,2026-01-31,164,130.39,1,1,500.0
C-10722,Jennifer Wilson,Female,69,12,2,2,4,12,Married,Laptop & Accessory,13,3135.68,2026-06-30,14,395.08,0,0,261.31
C-10723,William Garcia,Male,40,2,4,3,5,30,Single,Fashion,12,3526.82,2026-03-21,115,176.23,0,0,500.0
C-10724,Charles Smith,Male,35,25,5,3,3,33,Married,Fashion,9,1981.56,2026-07-06,8,52.11,0,0,79.26
C-10725,William Williams,Male,67,56,3,6,4,18,Single,Laptop & Accessory,3,886.38,2025-08-04,344,98.76,0,1,15.83
C-10726,Michael Johnson,Male,31,23,2,3,5,14,Divorced,Fashion,11,3098.82,2026-07-08,6,455.86,0,0,134.73
C-10727,Thomas Williams,Male,67,52,2,5,5,22,Single,Fashion,10,3152.76,2026-05-08,67,246.12,0,0,60.63
C-10728,John Wilson,Male,32,5,3,4,5,21,Single,Mobile Phone,1,283.2,2025-09-02,315,15.22,0,0,56.64
C-10729,Sarah Davis,Female,32,42,2,3,3,1,Divorced,Mobile Phone,17,3884.31,2025-09-16,301,156.8,0,1,92.48
C-10730,David Smith,Male,23,59,3,8,3,49,Married,Laptop & Accessory,13,4060.33,2026-03-23,113,232.93,1,1,68.82
C-10731,William Williams,Male,44,57,1,10,3,43,Single,Laptop & Accessory,14,1841.52,2026-06-16,28,115.33,0,1,32.31
C-10732,James Brown,Male,32,48,4,3,2,15,Single,Fashion,1,762.9,2026-04-01,104,57.3,0,0,15.89
C-10733,Patricia Johnson,Female,67,41,4,6,3,36,Divorced,Others,2,983.6,2026-06-19,25,103.48,0,1,23.99
C-10734,Jennifer Garcia,Female,53,11,5,7,3,47,Divorced,Laptop & Accessory,2,646.0,2026-06-19,25,35.86,0,1,58.73
C-10735,Joseph Davis,Male,25,48,2,7,3,22,Divorced,Fashion,7,1268.66,2026-03-30,106,33.78,0,0,26.43
C-10736,Barbara Rodriguez,Female,32,35,5,2,4,32,Divorced,Others,9,2730.9,2026-07-05,9,187.14,0,1,78.03
C-10737,Michael Smith,Male,20,1,1,3,3,46,Married,Mobile Phone,4,707.64,2025-10-02,285,92.86,0,0,500.0
C-10738,Joseph Davis,Male,64,10,4,10,2,33,Single,Laptop & Accessory,2,497.47,2025-12-30,196,42.18,1,1,49.75
C-10739,Susan Williams,Female,30,38,1,10,5,41,Single,Fashion,19,5322.85,2026-03-14,122,774.06,0,1,140.08
C-10740,Michael Wilson,Male,58,33,1,4,4,39,Single,Mobile Phone,5,616.98,2026-01-05,190,52.73,0,1,18.7
C-10741,Sarah Miller,Female,51,25,2,7,1,23,Single,Grocery,9,1516.62,2026-04-21,84,84.73,0,0,60.66
C-10742,Elizabeth Williams,Female,41,17,1,2,3,43,Married,Mobile Phone,13,3471.0,2026-06-22,22,156.65,0,1,204.18
C-10743,Thomas Jones,Male,57,20,4,3,5,2,Single,Fashion,12,3241.86,2026-06-24,20,357.54,1,1,162.09
C-10744,William Brown,Male,49,35,5,7,5,2,Married,Others,19,5331.27,2026-06-26,18,478.37,0,0,152.32
C-10745,Linda Smith,Female,49,39,4,7,4,38,Married,Grocery,9,1220.74,2026-07-04,10,120.27,0,1,31.3
C-10746,Richard Rodriguez,Male,47,51,2,10,1,29,Divorced,Grocery,10,2774.72,2026-02-02,162,327.88,0,1,54.41
C-10747,Robert Johnson,Male,69,45,4,3,6,46,Divorced,Grocery,19,2095.89,2025-12-10,216,239.7,0,0,46.58
C-10748,Robert Smith,Male,66,43,3,1,2,3,Single,Laptop & Accessory,10,2892.75,2026-03-23,113,74.16,1,1,67.27
C-10749,Barbara Davis,Female,30,21,5,3,6,39,Married,Fashion,12,1545.38,2026-04-05,100,192.14,1,0,73.59
C-10750,Patricia Garcia,Female,18,52,3,5,5,7,Divorced,Grocery,14,3802.36,2025-09-12,305,339.37,0,1,73.12
C-10751,David Brown,Male,51,58,3,7,6,36,Married,Mobile Phone,8,1890.0,2026-07-05,9,134.04,0,0,32.59
C-10752,Elizabeth Garcia,Female,32,29,2,4,5,29,Divorced,Others,16,5035.05,2025-12-04,222,452.54,0,1,173.62
C-10753,Jennifer Williams,Female,61,49,1,1,6,37,Married,Fashion,17,3804.55,2026-03-08,128,379.0,0,0,77.64
C-10754,Linda Smith,Female,31,42,3,6,5,49,Single,Mobile Phone,20,4582.9,2026-01-23,172,180.73,0,1,109.12
C-10755,Sarah Garcia,Female,46,60,4,2,5,36,Single,Laptop & Accessory,4,1168.16,2025-09-04,313,86.75,0,1,19.47
C-10756,Jessica Wilson,Female,51,59,1,3,4,23,Married,Grocery,6,1991.78,2026-05-28,47,126.73,0,0,33.76
C-10757,David Davis,Male,35,29,4,4,1,45,Divorced,Mobile Phone,12,2374.66,2026-01-19,176,155.67,0,1,81.88
C-10758,David Rodriguez,Male,24,7,4,6,5,16,Divorced,Fashion,18,1051.3,2026-06-18,26,33.51,0,0,150.19
C-10759,Robert Williams,Male,46,33,1,6,2,48,Single,Mobile Phone,7,1745.02,2026-04-23,82,71.16,0,1,52.88
C-10760,Jennifer Wilson,Female,48,56,1,7,2,31,Single,Laptop & Accessory,5,1848.07,2025-07-23,356,75.84,0,1,33.0
C-10761,Jennifer Rodriguez,Female,42,46,4,5,3,34,Single,Others,10,1552.0,2026-04-10,95,106.34,0,1,33.74
C-10762,Michael Davis,Male,55,8,2,7,5,50,Divorced,Grocery,6,711.6,2026-06-14,30,96.98,0,1,88.95
C-10763,Sarah Davis,Female,31,50,5,2,5,1,Divorced,Fashion,14,3331.1,2026-02-08,156,155.84,1,0,66.62
C-10764,Thomas Williams,Male,25,19,5,1,5,18,Single,Grocery,6,1716.97,2026-06-24,20,127.24,0,0,90.37
C-10765,Michael Garcia,Male,44,39,2,10,6,40,Married,Grocery,14,1963.67,2025-08-24,324,118.82,0,1,50.35
C-10766,David Jones,Male,19,24,1,8,5,43,Divorced,Grocery,12,3636.79,2025-08-12,336,445.0,0,0,151.53
C-10767,Linda Garcia,Female,34,18,4,1,5,15,Single,Mobile Phone,12,3562.16,2025-11-25,231,94.46,0,0,197.9
C-10768,Mary Rodriguez,Female,54,4,5,2,2,48,Married,Mobile Phone,8,841.07,2026-07-07,7,38.31,0,0,210.27
C-10769,James Garcia,Male,31,10,4,10,1,49,Divorced,Others,10,1259.46,2026-07-06,8,59.68,0,0,125.95
C-10770,Michael Rodriguez,Male,42,14,2,6,1,17,Married,Laptop & Accessory,16,3742.4,2026-03-12,124,557.94,0,0,267.31
C-10771,William Williams,Male,47,7,4,1,3,44,Married,Fashion,20,5828.67,2026-07-03,11,549.07,1,1,500.0
C-10772,Thomas Rodriguez,Male,46,18,2,10,2,10,Divorced,Mobile Phone,8,1999.77,2026-06-18,26,76.12,0,1,111.1
C-10773,Linda Brown,Female,37,22,1,3,5,20,Single,Grocery,9,1671.03,2026-05-05,70,92.55,0,1,75.96
C-10774,Jessica Johnson,Female,38,26,2,7,1,6,Married,Laptop & Accessory,13,1459.25,2026-01-02,193,61.02,0,0,56.12
C-10775,Thomas Miller,Male,70,39,2,8,4,8,Single,Fashion,20,3695.05,2026-03-31,105,133.76,0,0,94.74
C-10776,Thomas Garcia,Male,39,31,5,4,4,45,Divorced,Fashion,17,3738.76,2025-09-09,308,462.24,0,0,120.61
C-10777,Susan Smith,Female,52,25,4,3,4,34,Married,Fashion,19,2772.02,2026-07-13,1,234.09,0,1,110.88
C-10778,Jennifer Johnson,Female,54,26,5,1,5,32,Married,Fashion,17,3278.6,2026-06-26,18,334.61,0,0,126.1
C-10779,William Jones,Male,33,18,3,9,5,42,Married,Others,7,757.87,2025-10-15,272,47.79,1,0,42.1
C-10780,William Brown,Male,67,49,2,10,3,4,Married,Fashion,1,653.05,2026-01-24,171,60.07,0,0,13.33
C-10781,William Williams,Male,66,41,3,6,3,44,Married,Laptop & Accessory,20,1863.88,2026-07-12,2,99.69,0,1,45.46
C-10782,Mary Jones,Female,60,28,5,6,3,50,Divorced,Mobile Phone,14,1151.81,2025-11-03,253,69.16,0,1,41.14
C-10783,Sarah Rodriguez,Female,34,38,4,9,6,39,Married,Laptop & Accessory,17,4873.27,2026-06-07,37,510.67,0,0,128.24
C-10784,Linda Williams,Female,33,59,5,1,4,20,Divorced,Grocery,13,1906.52,2026-03-06,130,75.39,0,0,32.31
C-10785,James Johnson,Male,19,40,4,6,5,24,Single,Others,2,787.58,2026-06-19,25,78.95,0,0,19.69
C-10786,Joseph Smith,Male,21,32,4,5,4,24,Divorced,Others,14,1541.44,2026-02-21,143,201.61,0,0,48.17
C-10787,Jessica Davis,Female,38,18,1,6,3,26,Married,Grocery,1,295.63,2026-07-04,10,10.54,1,1,16.42
C-10788,Jessica Miller,Female,56,36,2,8,5,25,Single,Laptop & Accessory,5,1061.67,2026-07-13,1,145.1,0,1,29.49
C-10789,Thomas Williams,Male,51,18,5,5,2,36,Divorced,Laptop & Accessory,7,781.43,2026-07-07,7,23.7,1,1,43.41
C-10790,Karen Brown,Female,47,32,4,2,1,7,Divorced,Grocery,19,1488.32,2026-06-22,22,97.27,1,1,46.51
C-10791,Barbara Garcia,Female,23,46,5,2,1,10,Divorced,Fashion,14,4230.06,2026-07-05,9,420.33,0,1,91.96
C-10792,William Williams,Male,34,15,5,10,3,47,Married,Fashion,14,891.41,2026-06-24,20,82.66,0,1,59.43
C-10793,Barbara Brown,Female,56,22,4,5,4,12,Married,Mobile Phone,15,1199.95,2026-07-06,8,39.04,0,0,54.54
C-10794,Thomas Williams,Male,42,6,3,3,2,1,Divorced,Laptop & Accessory,5,1316.34,2025-07-26,353,163.04,1,0,219.39
C-10795,Michael Davis,Male,22,25,2,10,5,50,Divorced,Laptop & Accessory,5,852.51,2026-04-15,90,124.9,1,0,34.1
C-10796,Richard Brown,Male,22,31,2,3,4,25,Single,Grocery,2,771.41,2026-01-27,168,33.6,0,0,24.88
C-10797,David Williams,Male,37,11,1,8,3,16,Married,Grocery,18,1668.02,2026-03-30,106,227.46,0,1,151.64
C-10798,David Johnson,Male,33,7,1,7,4,5,Married,Fashion,9,1053.88,2026-06-13,31,97.36,0,0,150.55
C-10799,Joseph Johnson,Male,68,4,1,1,3,19,Single,Laptop & Accessory,10,1971.94,2026-05-25,50,279.37,1,0,492.98
C-10800,Richard Rodriguez,Male,58,41,2,5,6,4,Divorced,Laptop & Accessory,18,5758.86,2026-04-01,104,247.0,1,0,140.46
C-10801,Mary Garcia,Female,54,27,3,9,1,6,Divorced,Others,4,543.44,2026-03-29,107,66.82,0,1,20.13
C-10802,Richard Miller,Male,57,52,2,4,1,26,Single,Mobile Phone,8,1721.11,2026-01-04,191,47.8,0,0,33.1
C-10803,David Miller,Male,26,4,2,1,4,49,Divorced,Mobile Phone,18,1133.86,2026-06-30,14,152.86,0,1,283.46
C-10804,Sarah Johnson,Female,22,48,2,8,2,39,Divorced,Fashion,20,2476.13,2025-08-28,320,266.53,0,0,51.59
C-10805,Mary Miller,Female,59,25,2,5,5,39,Single,Laptop & Accessory,17,4956.75,2026-01-19,176,337.72,1,1,198.27
C-10806,Karen Garcia,Female,19,4,3,2,3,9,Single,Others,16,1225.84,2026-03-20,116,54.87,0,0,306.46
C-10807,Robert Wilson,Male,26,21,1,1,5,45,Single,Laptop & Accessory,18,4965.85,2026-05-22,53,626.44,0,1,236.47
C-10808,Mary Rodriguez,Female,60,14,5,3,1,14,Divorced,Grocery,7,801.16,2026-07-04,10,78.85,0,0,57.23
C-10809,James Williams,Male,53,12,1,9,2,48,Single,Fashion,1,385.45,2026-03-17,119,25.77,0,1,32.12
C-10810,Joseph Williams,Male,39,27,1,1,2,9,Divorced,Mobile Phone,1,454.51,2025-11-06,250,35.31,0,1,16.83
C-10811,Michael Garcia,Male,39,32,5,4,5,15,Married,Laptop & Accessory,18,5171.93,2026-01-28,167,659.17,0,1,161.62
C-10812,James Miller,Male,39,42,2,8,1,37,Married,Fashion,4,771.7,2026-07-05,9,49.44,0,1,18.37
C-10813,Mary Smith,Female,51,22,3,8,5,50,Single,Mobile Phone,20,5030.18,2025-12-06,220,159.22,0,0,228.64
C-10814,Jessica Brown,Female,46,32,3,10,4,20,Divorced,Laptop & Accessory,20,4723.49,2026-07-12,2,654.05,0,1,147.61
C-10815,James Wilson,Male,55,42,1,8,2,8,Divorced,Others,4,1162.93,2026-02-07,157,81.82,0,1,27.69
C-10816,Richard Jones,Male,63,17,5,10,2,32,Divorced,Fashion,6,1685.88,2026-06-30,14,110.07,0,0,99.17
C-10817,William Smith,Male,50,49,4,8,4,47,Single,Laptop & Accessory,3,1126.21,2026-07-08,6,52.45,0,0,22.98
C-10818,Karen Miller,Female,35,52,2,4,1,21,Divorced,Mobile Phone,6,2135.57,2026-06-19,25,291.86,0,0,41.07
C-10819,Thomas Rodriguez,Male,24,29,1,8,2,41,Divorced,Mobile Phone,13,2178.45,2026-07-01,13,105.17,0,0,75.12
C-10820,Joseph Jones,Male,18,25,3,9,6,19,Divorced,Others,7,1632.37,2026-06-30,14,167.75,1,0,65.29
C-10821,Mary Rodriguez,Female,50,15,5,7,6,29,Married,Fashion,4,1220.6,2026-07-10,4,164.17,0,0,81.37
C-10822,Mary Garcia,Female,18,12,5,2,6,31,Divorced,Fashion,1,223.7,2026-04-23,82,5.49,0,1,18.64
C-10823,William Williams,Male,41,38,1,9,3,6,Married,Laptop & Accessory,6,1408.61,2025-07-24,355,179.94,0,0,37.07
C-10824,Susan Davis,Female,21,32,4,8,3,4,Divorced,Mobile Phone,5,1770.93,2026-07-08,6,129.95,1,1,55.34
C-10825,Sarah Davis,Female,21,25,3,5,1,43,Divorced,Mobile Phone,13,2439.21,2026-06-24,20,257.43,0,0,97.57
C-10826,Robert Smith,Male,35,47,1,3,4,29,Divorced,Others,19,2620.94,2025-10-05,282,179.31,0,0,55.76
C-10827,Jessica Williams,Female,44,0,4,7,5,42,Married,Others,4,551.08,2026-05-22,53,60.85,0,1,500.0
C-10828,Joseph Garcia,Male,60,48,5,2,1,3,Divorced,Fashion,6,2107.63,2025-12-05,221,111.83,0,1,43.91
C-10829,Elizabeth Smith,Female,49,37,2,3,5,1,Single,Mobile Phone,13,4123.37,2026-03-05,131,94.22,1,1,111.44
C-10830,Charles Davis,Male,50,1,3,9,1,44,Divorced,Laptop & Accessory,5,1447.63,2026-06-20,24,207.32,1,1,500.0
C-10831,Charles Jones,Male,45,48,3,4,3,15,Married,Grocery,13,3401.56,2026-04-19,86,75.27,0,0,70.87
C-10832,Joseph Rodriguez,Male,59,5,4,4,6,47,Married,Laptop & Accessory,10,1824.0,2026-03-21,115,231.89,0,0,364.8
C-10833,Susan Davis,Female,58,45,1,3,4,21,Single,Others,3,737.02,2025-10-08,279,30.95,0,1,16.38
C-10834,James Brown,Male,53,49,5,5,3,46,Single,Laptop & Accessory,13,1540.47,2026-07-09,5,109.36,0,1,31.44
C-10835,Patricia Johnson,Female,23,37,4,3,4,31,Single,Mobile Phone,12,1149.3,2026-06-23,21,145.87,0,1,31.06
C-10836,John Brown,Male,33,41,2,9,5,7,Married,Fashion,4,627.71,2026-07-02,12,29.36,0,0,15.31
C-10837,James Brown,Male,51,23,2,3,1,17,Divorced,Grocery,10,2925.29,2025-08-20,328,387.72,0,1,127.19
C-10838,Patricia Jones,Female,40,17,2,2,2,19,Divorced,Fashion,3,926.81,2026-07-08,6,78.51,1,0,54.52
C-10839,Robert Garcia,Male,67,26,4,5,2,39,Single,Grocery,17,3523.24,2026-06-19,25,238.17,0,1,135.51
C-10840,Michael Smith,Male,59,40,5,6,4,3,Single,Grocery,9,3097.13,2025-08-08,340,328.66,0,0,77.43
C-10841,Mary Wilson,Female,41,7,3,1,6,30,Divorced,Mobile Phone,1,358.26,2026-02-06,158,23.07,0,1,51.18
C-10842,Robert Rodriguez,Male,66,27,1,6,6,35,Single,Mobile Phone,18,4117.99,2025-08-04,344,268.28,1,0,152.52
C-10843,Richard Johnson,Male,30,9,3,10,4,29,Divorced,Others,9,1585.29,2026-02-25,139,182.88,1,1,176.14
C-10844,Thomas Wilson,Male,35,16,5,3,3,50,Divorced,Others,20,1920.85,2026-07-09,5,115.79,0,0,120.05
C-10845,John Williams,Male,30,54,3,4,2,14,Divorced,Grocery,9,2150.09,2026-07-06,8,99.12,1,1,39.82
C-10846,Karen Johnson,Female,66,28,4,6,3,35,Divorced,Others,2,458.87,2026-06-16,28,57.36,0,1,16.39
C-10847,Jennifer Miller,Female,54,57,2,8,5,28,Married,Mobile Phone,19,3412.64,2026-06-16,28,425.55,0,1,59.87
C-10848,Thomas Rodriguez,Male,60,5,5,9,2,30,Divorced,Others,16,4620.59,2026-07-01,13,391.3,0,0,500.0
C-10849,Susan Williams,Female,56,13,5,6,5,26,Single,Grocery,3,536.48,2026-07-11,3,47.46,0,0,41.27
C-10850,Michael Miller,Male,59,21,3,7,1,7,Single,Fashion,16,1621.15,2026-05-15,60,179.12,0,0,77.2
C-10851,Elizabeth Johnson,Female,34,53,4,5,3,39,Single,Laptop & Accessory,13,3072.79,2026-07-04,10,264.89,0,0,57.98
C-10852,David Williams,Male,32,5,3,9,4,31,Single,Others,3,651.77,2026-03-18,118,48.37,0,1,130.35
C-10853,Joseph Johnson,Male,35,25,3,4,2,5,Married,Mobile Phone,10,1234.51,2025-11-08,248,184.36,0,1,49.38
C-10854,James Rodriguez,Male,40,38,5,10,3,35,Divorced,Fashion,18,2164.64,2026-07-04,10,84.84,0,0,56.96
C-10855,Robert Smith,Male,68,11,3,6,4,50,Divorced,Mobile Phone,6,1894.32,2026-06-15,29,183.85,0,1,172.21
C-10856,Richard Wilson,Male,47,34,2,5,1,47,Single,Others,6,1004.92,2026-01-23,172,135.83,0,0,29.56
C-10857,William Jones,Male,51,13,3,1,2,14,Single,Grocery,18,4801.86,2026-04-27,78,525.03,0,0,369.37
C-10858,Mary Rodriguez,Female,21,21,2,5,5,36,Single,Laptop & Accessory,6,1215.49,2025-07-17,362,163.51,0,0,57.88
C-10859,Richard Garcia,Male,20,50,5,5,1,27,Divorced,Laptop & Accessory,6,1452.48,2026-06-15,29,92.56,1,1,29.05
C-10860,Sarah Miller,Female,24,22,4,9,6,24,Married,Fashion,13,1828.63,2026-07-11,3,101.23,1,1,83.12
C-10861,William Miller,Male,35,47,2,1,4,40,Married,Laptop & Accessory,14,3878.39,2026-04-26,79,506.77,0,0,82.52
C-10862,Patricia Brown,Female,59,6,4,5,2,29,Married,Grocery,7,1951.16,2026-04-25,80,138.99,0,1,325.19
C-10863,Jennifer Davis,Female,24,39,4,7,2,45,Married,Mobile Phone,13,1888.66,2026-07-01,13,212.02,0,0,48.43
C-10864,Sarah Jones,Female,57,49,2,6,1,22,Single,Grocery,15,1596.61,2026-07-05,9,62.6,0,0,32.58
C-10865,David Wilson,Male,23,24,5,6,2,8,Divorced,Fashion,12,1250.76,2026-02-11,153,147.91,0,0,52.12
C-10866,John Williams,Male,39,12,1,7,4,15,Single,Fashion,1,368.2,2025-12-25,201,33.64,0,0,30.68
C-10867,Jennifer Rodriguez,Female,18,20,4,6,1,49,Married,Laptop & Accessory,3,676.87,2026-01-17,178,37.17,1,1,33.84
C-10868,Richard Garcia,Male,21,40,4,5,5,5,Single,Grocery,18,1893.62,2026-02-09,155,159.6,0,1,47.34
C-10869,Karen Rodriguez,Female,63,9,5,10,1,4,Married,Mobile Phone,8,1170.58,2026-06-30,14,129.47,0,0,130.06
C-10870,David Brown,Male,66,52,5,5,1,11,Divorced,Grocery,2,877.12,2026-07-07,7,18.9,1,0,16.87
C-10871,Mary Garcia,Female,69,54,3,9,5,18,Married,Mobile Phone,4,1592.05,2026-07-04,10,163.78,0,0,29.48
C-10872,Susan Johnson,Female,67,58,5,8,6,42,Single,Mobile Phone,18,4367.84,2025-10-10,277,394.88,1,0,75.31
C-10873,Joseph Jones,Male,60,8,4,10,4,49,Divorced,Grocery,13,1302.11,2026-02-03,161,63.33,0,0,162.76
C-10874,Susan Brown,Female,46,14,2,4,6,30,Married,Others,15,1485.14,2026-06-18,26,175.08,0,0,106.08
C-10875,William Garcia,Male,38,51,1,4,6,15,Married,Grocery,2,816.17,2026-07-05,9,48.52,0,1,16.0
C-10876,Mary Smith,Female,43,1,3,10,6,6,Divorced,Mobile Phone,10,697.98,2026-06-20,24,39.08,0,0,500.0
C-10877,Linda Williams,Female,31,24,2,5,3,16,Single,Fashion,2,717.79,2026-03-20,116,58.33,0,0,29.91
C-10878,Charles Johnson,Male,26,12,1,3,6,47,Divorced,Fashion,12,1924.36,2025-08-09,339,207.64,0,1,160.36
C-10879,Robert Smith,Male,64,33,1,8,3,40,Single,Laptop & Accessory,5,1008.78,2026-06-07,37,141.99,0,0,30.57
C-10880,James Miller,Male,29,50,1,7,5,9,Married,Fashion,12,2627.32,2026-01-28,167,100.83,1,1,52.55
C-10881,Elizabeth Garcia,Female,59,57,2,5,4,43,Married,Others,1,797.24,2026-07-05,9,57.04,1,1,13.99
C-10882,John Brown,Male,68,33,3,10,6,34,Divorced,Mobile Phone,2,714.67,2026-03-22,114,20.52,0,0,21.66
C-10883,Jessica Miller,Female,68,34,3,3,2,27,Married,Grocery,16,4349.61,2026-05-25,50,515.91,0,0,127.93
C-10884,Mary Brown,Female,23,37,1,5,5,13,Divorced,Grocery,2,784.68,2025-08-13,335,61.37,0,0,21.21
C-10885,James Johnson,Male,37,2,2,3,3,36,Married,Others,16,3971.88,2026-07-04,10,444.46,0,1,500.0
C-10886,William Garcia,Male,41,41,1,10,4,27,Married,Fashion,20,4893.91,2025-08-17,331,302.86,0,1,119.36
C-10887,Jessica Williams,Female,44,55,5,5,1,9,Single,Mobile Phone,16,2122.49,2026-06-21,23,275.42,1,1,38.59
C-10888,Linda Wilson,Female,55,58,3,1,4,5,Divorced,Fashion,6,958.53,2026-04-18,87,85.81,1,0,16.53
C-10889,David Wilson,Male,25,5,4,6,4,22,Divorced,Laptop & Accessory,13,3636.04,2025-11-17,239,518.75,0,0,500.0
C-10890,Robert Johnson,Male,18,54,1,10,6,31,Married,Fashion,12,3976.97,2025-07-25,354,120.29,0,0,73.65
C-10891,David Jones,Male,66,47,5,4,6,3,Single,Laptop & Accessory,10,2787.33,2026-06-25,19,242.1,0,0,59.3
C-10892,Charles Jones,Male,66,48,3,4,3,30,Single,Grocery,5,1635.26,2026-07-05,9,195.64,0,0,34.07
C-10893,Charles Jones,Male,41,18,2,8,3,21,Divorced,Mobile Phone,8,1120.29,2026-07-12,2,109.81,0,0,62.24
C-10894,Karen Jones,Female,64,2,3,2,6,35,Divorced,Laptop & Accessory,6,1133.66,2026-06-22,22,26.09,0,0,500.0
C-10895,Jennifer Davis,Female,24,17,2,4,6,6,Married,Fashion,5,1660.3,2026-06-15,29,243.07,0,0,97.66
C-10896,Barbara Brown,Female,36,38,2,2,2,28,Divorced,Fashion,20,5660.72,2025-08-24,324,332.7,0,0,148.97
C-10897,Patricia Rodriguez,Female,39,8,1,1,2,32,Married,Grocery,6,836.59,2026-02-18,146,43.84,0,0,104.57
C-10898,James Brown,Male,52,51,1,10,5,42,Single,Others,17,2639.44,2026-06-16,28,219.43,0,0,51.75
C-10899,James Miller,Male,47,11,3,3,6,37,Divorced,Others,6,1135.37,2025-12-31,195,102.73,0,0,103.22
C-10900,Michael Jones,Male,46,4,5,8,1,25,Single,Fashion,17,2609.54,2026-07-13,1,312.15,0,0,500.0
C-10901,Elizabeth Rodriguez,Female,39,2,3,6,2,32,Single,Others,5,733.94,2026-05-28,47,52.2,1,0,366.97
C-10902,Mary Johnson,Female,28,10,4,7,3,35,Married,Mobile Phone,17,3614.63,2026-03-31,105,279.03,1,0,361.46
C-10903,David Jones,Male,37,56,2,2,4,22,Single,Others,17,1458.84,2026-03-01,135,130.63,0,0,26.05
C-10904,Richard Williams,Male,46,29,2,6,5,24,Married,Mobile Phone,13,3420.85,2026-06-29,15,243.81,0,0,117.96
C-10905,Jennifer Wilson,Female,68,3,1,8,2,39,Married,Fashion,7,1675.09,2025-09-18,299,232.66,0,0,500.0
C-10906,Patricia Williams,Female,58,4,5,8,4,30,Single,Fashion,6,1585.49,2026-04-17,88,207.16,0,0,396.37
C-10907,Charles Smith,Male,59,0,1,4,4,50,Single,Fashion,14,3645.08,2026-07-04,10,288.5,0,0,500.0
C-10908,William Jones,Male,51,26,4,6,2,32,Married,Grocery,16,3325.6,2025-09-08,309,66.6,1,0,127.91
C-10909,Susan Brown,Female,18,27,3,5,1,31,Married,Others,3,1005.06,2026-04-19,86,137.82,1,0,37.22
C-10910,Robert Smith,Male,48,28,3,9,1,23,Single,Laptop & Accessory,9,1837.89,2026-06-24,20,66.47,0,0,65.64
C-10911,Joseph Williams,Male,47,17,5,8,5,40,Married,Laptop & Accessory,15,4488.24,2026-06-20,24,232.43,0,1,264.01
C-10912,John Brown,Male,65,11,1,2,1,33,Married,Fashion,18,1868.14,2026-07-11,3,74.36,0,1,169.83
C-10913,Jennifer Smith,Female,35,12,1,7,5,25,Divorced,Others,10,2909.04,2026-07-12,2,126.18,0,0,242.42
C-10914,Jennifer Johnson,Female,34,40,4,7,3,36,Divorced,Mobile Phone,10,1546.33,2026-04-18,87,192.32,0,0,38.66
C-10915,Jessica Miller,Female,55,1,3,1,2,24,Divorced,Laptop & Accessory,3,237.04,2025-08-16,332,22.6,0,0,237.04
C-10916,Sarah Garcia,Female,31,36,1,1,4,31,Divorced,Fashion,1,519.78,2025-10-02,285,75.0,1,1,14.44
C-10917,Karen Williams,Female,40,44,5,4,5,39,Divorced,Laptop & Accessory,3,1051.19,2026-07-05,9,52.65,0,1,23.89
C-10918,Elizabeth Davis,Female,42,15,3,5,1,46,Married,Laptop & Accessory,5,688.74,2026-07-10,4,57.26,0,0,45.92
C-10919,Elizabeth Garcia,Female,32,47,4,4,5,13,Married,Laptop & Accessory,7,1792.64,2026-07-03,11,263.64,0,0,38.14
C-10920,William Smith,Male,63,23,5,7,6,10,Divorced,Fashion,3,985.92,2026-02-01,163,125.64,1,1,42.87
C-10921,William Brown,Male,39,34,2,3,5,23,Single,Fashion,4,797.08,2026-06-28,16,91.44,1,1,23.44
C-10922,David Williams,Male,20,21,4,7,1,18,Divorced,Grocery,17,3526.37,2025-10-30,257,157.16,0,1,167.92
C-10923,William Johnson,Male,36,35,5,8,6,32,Single,Grocery,3,754.48,2026-07-04,10,90.55,1,1,21.56
C-10924,David Miller,Male,61,10,1,6,6,33,Married,Grocery,4,829.77,2026-06-25,19,54.09,0,1,82.98
C-10925,William Miller,Male,51,54,2,6,1,36,Single,Laptop & Accessory,2,973.46,2026-07-08,6,86.61,0,0,18.03
C-10926,Richard Jones,Male,52,57,4,8,6,28,Married,Others,14,2496.48,2026-06-14,30,247.63,0,0,43.8
C-10927,Mary Garcia,Female,67,45,1,8,2,16,Single,Fashion,5,1943.1,2026-07-11,3,192.79,0,1,43.18
C-10928,Linda Rodriguez,Female,18,28,2,7,4,16,Married,Grocery,2,661.89,2025-11-03,253,75.75,0,1,23.64
C-10929,Charles Miller,Male,69,34,3,6,2,18,Married,Others,15,4181.73,2026-02-23,141,443.35,1,0,122.99
C-10930,James Williams,Male,38,47,1,6,2,8,Divorced,Grocery,11,3014.12,2026-01-22,173,87.07,0,1,64.13
C-10931,Jennifer Wilson,Female,46,53,5,10,1,42,Married,Grocery,10,3162.01,2026-02-21,143,251.24,0,0,59.66
C-10932,Michael Miller,Male,23,14,4,6,1,16,Divorced,Others,20,2009.0,2026-06-29,15,213.6,0,0,143.5
C-10933,Richard Wilson,Male,54,59,2,8,4,11,Divorced,Grocery,1,695.64,2026-07-14,0,40.68,0,0,11.79
C-10934,Linda Miller,Female,18,30,1,1,5,6,Divorced,Laptop & Accessory,19,3565.2,2026-07-11,3,216.4,0,0,118.84
C-10935,James Garcia,Male,68,41,3,5,2,1,Single,Laptop & Accessory,14,4093.15,2026-06-15,29,148.15,0,1,99.83
C-10936,Susan Rodriguez,Female,18,40,4,3,6,12,Single,Laptop & Accessory,14,1791.62,2026-06-19,25,133.33,0,0,44.79
C-10937,Robert Johnson,Male,44,42,4,8,4,38,Married,Mobile Phone,1,712.77,2026-06-25,19,105.7,0,1,16.97
C-10938,Mary Williams,Female,38,15,1,6,2,28,Divorced,Grocery,9,887.11,2026-06-28,16,50.65,0,0,59.14
C-10939,Elizabeth Johnson,Female,70,9,3,2,5,45,Divorced,Mobile Phone,17,1684.08,2025-08-02,346,150.03,0,0,187.12
C-10940,Jennifer Brown,Female,33,48,2,7,6,17,Married,Fashion,14,1765.32,2026-07-11,3,205.87,0,1,36.78
C-10941,Richard Williams,Male,61,31,1,7,2,1,Divorced,Others,13,2864.52,2026-07-02,12,62.32,0,0,92.4
C-10942,Sarah Garcia,Female,57,50,2,5,3,32,Married,Fashion,13,4132.01,2026-07-04,10,566.32,0,1,82.64
C-10943,Michael Smith,Male,43,1,4,8,4,8,Divorced,Mobile Phone,6,692.67,2026-07-11,3,48.66,0,0,500.0
C-10944,James Smith,Male,33,23,2,5,1,40,Single,Laptop & Accessory,7,1547.81,2026-01-30,165,205.84,0,0,67.3
C-10945,James Garcia,Male,45,22,3,1,2,43,Married,Grocery,2,407.89,2025-08-16,332,10.22,0,1,18.54
C-10946,Robert Miller,Male,18,1,5,9,6,46,Married,Grocery,8,1672.27,2025-09-27,290,65.11,1,0,500.0
C-10947,Jennifer Jones,Female,53,37,3,4,6,24,Single,Laptop & Accessory,6,854.87,2026-07-12,2,52.94,0,0,23.1
C-10948,Susan Johnson,Female,27,30,2,2,4,10,Married,Grocery,3,818.48,2026-03-22,114,53.13,0,1,27.28
C-10949,David Miller,Male,60,50,1,4,4,47,Single,Others,18,4348.32,2026-02-10,154,566.21,0,1,86.97
C-10950,Robert Miller,Male,34,39,4,9,6,39,Divorced,Others,18,3896.08,2026-07-03,11,83.59,1,0,99.9
C-10951,Karen Wilson,Female,40,25,5,2,6,39,Single,Others,6,760.0,2025-12-28,198,78.54,0,1,30.4
C-10952,William Johnson,Male,24,28,1,4,6,10,Single,Fashion,11,1273.78,2026-07-11,3,47.22,0,0,45.49
C-10953,Sarah Garcia,Female,61,2,1,2,2,36,Married,Laptop & Accessory,3,673.54,2026-02-08,156,85.55,0,1,336.77
C-10954,Robert Garcia,Male,70,57,3,5,6,25,Divorced,Others,16,4605.64,2026-07-09,5,558.27,0,0,80.8
C-10955,Thomas Williams,Male,24,13,2,3,1,50,Single,Mobile Phone,5,1515.09,2026-06-15,29,128.77,0,0,116.55
C-10956,Jennifer Johnson,Female,61,24,3,10,6,10,Divorced,Others,2,746.81,2026-02-05,159,35.59,1,0,31.12
C-10957,Joseph Wilson,Male,32,47,2,2,1,19,Single,Fashion,15,4872.21,2026-03-23,113,499.33,0,0,103.66
C-10958,Mary Garcia,Female,51,0,3,9,2,46,Married,Mobile Phone,16,2433.01,2026-06-26,18,98.08,0,0,500.0
C-10959,Richard Davis,Male,63,52,1,5,4,45,Single,Laptop & Accessory,7,1449.54,2026-05-21,54,64.8,0,1,27.88
C-10960,Robert Smith,Male,62,2,4,10,1,15,Single,Laptop & Accessory,16,932.74,2026-01-17,178,94.64,0,1,466.37
C-10961,Michael Rodriguez,Male,21,53,2,5,2,16,Divorced,Others,4,1179.9,2026-07-04,10,175.64,1,1,22.26
C-10962,Elizabeth Smith,Female,31,25,5,1,6,2,Single,Mobile Phone,16,3655.49,2025-11-01,255,496.55,0,0,146.22
C-10963,William Garcia,Male,31,17,5,6,2,29,Married,Mobile Phone,17,4485.49,2026-06-15,29,435.56,0,1,263.85
C-10964,Joseph Jones,Male,33,8,1,7,6,4,Married,Others,2,313.73,2026-07-11,3,28.24,0,0,39.22
C-10965,Thomas Smith,Male,24,37,3,1,2,50,Single,Others,16,3224.37,2026-07-14,0,482.98,0,0,87.15
C-10966,Michael Williams,Male,49,22,3,9,4,29,Single,Grocery,4,1082.01,2025-08-28,320,98.64,0,0,49.18
C-10967,Patricia Garcia,Female,36,20,1,8,1,31,Divorced,Grocery,7,1515.31,2026-06-27,17,113.07,0,0,75.77
C-10968,Susan Rodriguez,Female,19,56,5,8,4,17,Divorced,Others,18,2693.09,2026-07-10,4,372.3,0,0,48.09
C-10969,John Brown,Male,27,0,5,7,3,10,Married,Fashion,6,1494.42,2025-12-22,204,75.38,1,0,500.0
C-10970,Barbara Williams,Female,67,20,3,5,6,27,Divorced,Grocery,18,1880.12,2026-04-08,97,61.44,0,1,94.01
C-10971,Joseph Williams,Male,34,26,2,3,1,41,Single,Others,7,2193.71,2026-06-23,21,224.71,1,0,84.37
C-10972,John Williams,Male,54,41,4,9,4,15,Married,Mobile Phone,2,986.3,2025-12-17,209,32.02,0,0,24.06
C-10973,David Johnson,Male,29,58,2,7,1,44,Divorced,Grocery,19,3266.47,2026-06-26,18,223.78,0,0,56.32
C-10974,Jessica Smith,Female,23,5,5,10,3,31,Married,Fashion,9,1346.41,2026-06-27,17,101.07,0,1,269.28
C-10975,Susan Johnson,Female,39,54,2,10,5,21,Single,Laptop & Accessory,4,1483.28,2026-06-18,26,135.25,1,0,27.47
C-10976,Karen Miller,Female,49,43,4,8,6,41,Divorced,Mobile Phone,14,2727.01,2026-02-06,158,406.09,0,1,63.42
C-10977,Patricia Johnson,Female,58,35,2,6,6,46,Single,Fashion,5,635.76,2025-08-18,330,30.98,0,0,18.16
C-10978,Karen Garcia,Female,37,27,2,5,2,45,Single,Fashion,7,2229.78,2026-01-18,177,153.52,0,1,82.58
C-10979,Patricia Davis,Female,18,44,2,8,6,26,Married,Fashion,8,1701.5,2026-04-24,81,63.28,0,1,38.67
C-10980,Jennifer Garcia,Female,64,16,2,3,6,38,Married,Mobile Phone,15,1673.11,2026-07-13,1,165.62,1,0,104.57
C-10981,Susan Garcia,Female,70,58,1,7,4,36,Married,Fashion,19,4169.4,2026-04-12,93,477.8,0,0,71.89
C-10982,Susan Miller,Female,23,39,5,2,6,17,Divorced,Laptop & Accessory,11,1541.99,2026-07-02,12,127.48,1,0,39.54
C-10983,Richard Jones,Male,36,57,4,3,6,3,Divorced,Grocery,20,2600.11,2026-06-30,14,135.1,1,1,45.62
C-10984,Susan Smith,Female,35,51,5,2,3,14,Married,Mobile Phone,4,1255.73,2026-07-06,8,126.47,0,1,24.62
C-10985,Mary Rodriguez,Female,23,2,1,5,3,49,Divorced,Fashion,18,2679.69,2026-01-09,186,241.41,0,1,500.0
C-10986,Elizabeth Jones,Female,62,11,1,7,1,13,Divorced,Others,14,2815.48,2026-02-21,143,118.97,0,0,255.95
C-10987,Jennifer Jones,Female,50,38,1,10,1,41,Married,Grocery,6,2175.24,2026-06-26,18,158.22,0,1,57.24
C-10988,Jennifer Rodriguez,Female,40,11,1,10,6,27,Single,Mobile Phone,16,4346.07,2026-07-03,11,332.8,0,0,395.1
C-10989,Sarah Miller,Female,40,1,2,1,6,1,Divorced,Others,18,944.52,2026-06-21,23,139.54,0,1,500.0
C-10990,Mary Davis,Female,43,55,5,10,2,17,Divorced,Others,1,612.64,2026-06-24,20,79.89,0,1,11.14
C-10991,Susan Wilson,Female,30,45,3,9,1,48,Single,Fashion,8,2070.16,2025-09-06,311,239.04,0,1,46.0
C-10992,Karen Brown,Female,24,21,4,1,4,50,Single,Mobile Phone,1,416.56,2026-07-07,7,56.46,1,0,19.84
C-10993,Jessica Miller,Female,32,22,1,1,6,34,Single,Fashion,1,489.55,2026-06-18,26,56.6,0,0,22.25
C-10994,Linda Brown,Female,61,29,5,10,4,14,Married,Laptop & Accessory,19,4228.02,2026-05-22,53,581.11,0,0,145.79
C-10995,John Johnson,Male,44,4,1,8,6,17,Single,Others,10,1109.29,2025-09-04,313,30.05,0,1,277.32
C-10996,Michael Jones,Male,43,8,1,6,4,3,Married,Laptop & Accessory,18,3088.32,2026-06-27,17,244.87,0,0,386.04
C-10997,Jessica Miller,Female,50,20,1,6,5,34,Single,Fashion,12,3226.96,2026-06-03,41,377.87,0,0,161.35
C-10998,Linda Davis,Female,32,10,1,9,4,40,Single,Grocery,17,4872.01,2026-07-10,4,466.88,0,0,487.2
C-10999,Joseph Johnson,Male,53,4,1,4,1,25,Married,Others,1,149.23,2026-07-11,3,6.38,0,0,37.31
C-11000,Susan Johnson,Female,62,34,4,8,6,2,Married,Grocery,8,1819.21,2026-06-11,33,116.91,0,1,53.51
C-11001,John Garcia,Male,44,26,5,4,1,34,Single,Mobile Phone,10,1157.32,2026-05-14,61,70.96,0,1,44.51
C-11002,John Rodriguez,Male,22,48,1,2,4,26,Single,Others,10,2222.5,2025-10-15,272,119.96,0,1,46.3
C-11003,James Rodriguez,Male,19,1,1,8,3,31,Single,Laptop & Accessory,18,1315.51,2026-07-12,2,84.99,0,0,500.0
C-11004,James Wilson,Male,50,23,1,7,3,9,Divorced,Grocery,9,2798.89,2026-05-26,49,243.31,0,1,121.69
C-11005,Charles Johnson,Male,33,30,1,4,3,30,Single,Mobile Phone,2,719.03,2025-10-03,284,94.29,0,0,23.97
C-11006,Barbara Miller,Female,40,32,2,9,6,20,Married,Others,3,1110.66,2025-10-02,285,129.35,0,1,34.71
C-11007,James Davis,Male,55,38,2,9,2,21,Divorced,Mobile Phone,2,979.15,2026-06-21,23,125.9,0,0,25.77
C-11008,Jessica Johnson,Female,33,29,3,8,5,29,Married,Laptop & Accessory,6,864.0,2025-08-24,324,116.53,0,0,29.79
C-11009,Jessica Rodriguez,Female,31,45,1,1,4,25,Divorced,Others,12,3132.43,2026-06-22,22,232.11,0,0,69.61
C-11010,David Jones,Male,46,36,3,7,2,38,Divorced,Mobile Phone,19,5523.18,2026-05-29,46,358.92,0,0,153.42
C-11011,Thomas Rodriguez,Male,43,50,4,5,3,44,Married,Fashion,15,3409.77,2026-04-27,78,93.74,0,0,68.2
C-11012,Mary Williams,Female,52,27,3,7,4,25,Divorced,Others,19,4258.56,2025-08-25,323,600.3,0,0,157.72
C-11013,Thomas Johnson,Male,32,59,5,9,2,9,Married,Others,12,2413.01,2026-07-02,12,68.91,0,0,40.9
C-11014,Michael Brown,Male,20,30,2,2,1,39,Single,Others,18,4236.42,2026-06-28,16,492.9,0,1,141.21
C-11015,Patricia Williams,Female,40,10,2,4,3,44,Divorced,Others,16,2482.31,2026-07-01,13,171.66,0,0,248.23
C-11016,Jennifer Smith,Female,46,22,1,4,2,26,Married,Fashion,2,558.31,2026-07-04,10,80.03,1,0,25.38
C-11017,David Garcia,Male,51,56,1,2,6,37,Divorced,Laptop & Accessory,11,1393.01,2026-06-16,28,103.85,0,0,24.88
C-11018,Jennifer Jones,Female,50,1,4,3,1,16,Married,Fashion,12,633.43,2025-08-19,329,79.91,0,1,500.0
C-11019,James Wilson,Male,58,39,4,8,3,37,Single,Fashion,5,708.94,2026-06-25,19,40.23,0,0,18.18
C-11020,Richard Wilson,Male,58,40,5,9,5,12,Single,Mobile Phone,6,988.78,2026-06-28,16,58.22,1,1,24.72
C-11021,James Rodriguez,Male,40,26,1,6,3,24,Divorced,Grocery,11,2065.66,2026-01-29,166,201.23,0,0,79.45
C-11022,Jessica Davis,Female,24,34,1,10,6,26,Divorced,Grocery,10,892.49,2025-11-28,228,133.64,1,1,26.25
C-11023,Karen Davis,Female,20,1,4,2,5,20,Married,Mobile Phone,4,365.94,2025-10-02,285,31.94,1,1,365.94
C-11024,Elizabeth Jones,Female,49,38,4,2,5,9,Married,Fashion,9,2588.25,2026-06-19,25,366.81,0,1,68.11
C-11025,Elizabeth Smith,Female,48,36,4,7,5,23,Divorced,Mobile Phone,12,3246.5,2025-08-05,343,396.76,0,0,90.18
C-11026,Jessica Smith,Female,35,20,2,8,4,39,Married,Others,10,2674.33,2026-02-20,144,330.18,1,0,133.72
C-11027,Michael Rodriguez,Male,60,57,3,8,4,29,Married,Mobile Phone,14,4495.39,2026-02-14,150,344.68,0,0,78.87
C-11028,Thomas Jones,Male,24,4,3,6,5,31,Married,Mobile Phone,5,438.84,2025-08-22,326,30.83,0,0,109.71
C-11029,Michael Williams,Male,58,51,1,10,1,19,Divorced,Others,1,600.78,2026-07-02,12,27.0,0,1,11.78
C-11030,Robert Jones,Male,18,44,2,8,5,20,Single,Grocery,5,1106.94,2026-06-24,20,160.85,0,1,25.16
C-11031,Karen Smith,Female,31,20,4,1,2,23,Single,Others,16,4660.56,2026-07-12,2,674.48,0,0,233.03
C-11032,William Miller,Male,69,28,1,9,5,43,Married,Laptop & Accessory,5,1499.35,2026-03-06,130,175.6,0,1,53.55
C-11033,Susan Rodriguez,Female,49,19,2,1,4,27,Divorced,Mobile Phone,5,845.15,2026-06-22,22,49.45,0,1,44.48
C-11034,Robert Johnson,Male,23,60,5,3,4,30,Married,Mobile Phone,18,1894.36,2026-03-12,124,98.27,1,0,31.57
C-11035,Jennifer Rodriguez,Female,56,37,2,9,2,21,Single,Grocery,6,1594.57,2026-07-08,6,236.82,0,0,43.1
C-11036,Susan Rodriguez,Female,27,19,1,5,2,44,Married,Fashion,18,2245.69,2026-02-27,137,64.34,1,1,118.19
C-11037,John Jones,Male,24,49,3,9,3,35,Single,Others,10,2317.88,2025-11-15,241,300.54,0,0,47.3
C-11038,Michael Johnson,Male,43,24,4,9,1,49,Divorced,Fashion,15,4521.76,2025-11-11,245,299.38,0,1,188.41
C-11039,Thomas Rodriguez,Male,51,1,5,6,1,7,Married,Laptop & Accessory,11,2134.7,2025-07-21,358,158.93,0,0,500.0
C-11040,David Miller,Male,47,56,2,1,1,22,Divorced,Others,19,5898.21,2026-03-06,130,755.9,0,0,105.33
C-11041,Jessica Miller,Female,53,31,1,10,6,10,Married,Laptop & Accessory,13,2237.38,2026-04-19,86,71.1,1,0,72.17
C-11042,James Brown,Male,38,25,1,7,4,23,Married,Laptop & Accessory,20,4416.76,2026-06-30,14,291.69,0,1,176.67
C-11043,Richard Johnson,Male,34,5,4,6,1,15,Married,Laptop & Accessory,3,870.42,2025-09-25,292,125.13,1,0,174.08
C-11044,Sarah Garcia,Female,50,40,1,9,3,30,Married,Others,16,3551.95,2025-12-09,217,393.84,0,0,88.8
C-11045,Joseph Davis,Male,27,56,1,7,3,34,Married,Others,7,1986.07,2026-04-14,91,234.64,0,0,35.47
C-11046,Michael Johnson,Male,68,2,4,4,1,13,Divorced,Grocery,12,2768.92,2026-06-25,19,328.05,0,0,500.0
C-11047,Robert Miller,Male,64,32,5,7,2,4,Divorced,Mobile Phone,15,4377.9,2026-06-19,25,122.03,0,0,136.81
C-11048,William Garcia,Male,59,0,3,2,3,18,Single,Fashion,8,576.36,2025-11-07,249,26.75,0,0,500.0
C-11049,David Miller,Male,68,50,3,6,2,23,Married,Fashion,17,2781.65,2026-06-16,28,233.28,0,1,55.63
C-11050,Mary Brown,Female,29,4,2,6,4,33,Single,Laptop & Accessory,1,189.42,2025-08-11,337,12.85,0,1,47.36
C-11051,William Williams,Male,33,12,5,2,6,34,Divorced,Others,8,2339.42,2026-07-13,1,171.76,0,0,194.95
C-11052,Thomas Smith,Male,58,18,2,4,3,34,Single,Others,14,4226.03,2025-08-30,318,513.84,0,1,234.78
C-11053,David Miller,Male,49,11,3,8,2,36,Divorced,Laptop & Accessory,10,910.95,2026-06-20,24,19.96,0,1,82.81
C-11054,Charles Jones,Male,32,47,4,8,1,35,Married,Mobile Phone,19,1985.76,2026-02-11,153,210.22,1,0,42.25
C-11055,William Wilson,Male,44,24,1,8,4,17,Single,Fashion,8,2509.72,2025-12-02,224,50.23,0,1,104.57
C-11056,Elizabeth Miller,Female,45,56,3,8,5,28,Single,Grocery,19,2914.92,2026-06-17,27,82.19,0,0,52.05
C-11057,Joseph Johnson,Male,34,50,5,1,5,14,Single,Mobile Phone,4,941.81,2026-06-17,27,68.82,0,0,18.84
C-11058,Barbara Smith,Female,63,34,3,2,1,34,Single,Others,10,929.06,2026-07-08,6,120.15,0,1,27.33
C-11059,Linda Wilson,Female,67,11,5,4,4,48,Married,Laptop & Accessory,3,466.7,2026-07-06,8,18.13,0,1,42.43
C-11060,Robert Rodriguez,Male,19,29,5,9,4,11,Divorced,Fashion,4,1183.53,2026-06-28,16,109.0,1,1,40.81
C-11061,Robert Miller,Male,53,4,5,3,4,13,Divorced,Laptop & Accessory,16,2544.14,2026-06-30,14,275.29,1,0,500.0
C-11062,James Miller,Male,67,33,2,6,4,33,Married,Others,4,1046.87,2026-06-25,19,52.18,0,1,31.72
C-11063,Michael Garcia,Male,24,21,4,7,5,2,Divorced,Laptop & Accessory,20,5796.48,2026-06-28,16,501.99,0,0,276.02
C-11064,Sarah Brown,Female,30,38,3,8,2,34,Single,Fashion,20,1953.45,2026-07-02,12,270.52,0,0,51.41
C-11065,Charles Wilson,Male,32,12,4,7,4,29,Married,Laptop & Accessory,13,1001.53,2026-07-05,9,86.72,1,1,83.46
C-11066,David Smith,Male,42,56,1,3,2,37,Divorced,Fashion,17,5030.71,2026-06-05,39,203.5,0,0,89.83
C-11067,Michael Davis,Male,40,46,3,6,4,4,Married,Laptop & Accessory,16,4359.42,2026-06-26,18,442.99,0,1,94.77
C-11068,James Garcia,Male,39,53,4,5,3,12,Married,Laptop & Accessory,17,2500.87,2026-01-22,173,242.55,1,0,47.19
C-11069,Charles Miller,Male,43,2,4,10,6,26,Divorced,Fashion,6,806.35,2026-05-16,59,18.95,0,0,403.18
C-11070,William Wilson,Male,50,59,1,4,3,28,Divorced,Laptop & Accessory,3,972.71,2026-06-28,16,30.91,0,1,16.49
C-11071,Sarah Johnson,Female,28,52,5,1,6,3,Married,Mobile Phone,20,4759.04,2025-07-28,351,192.18,1,1,91.52
C-11072,Elizabeth Miller,Female,27,19,3,7,3,20,Married,Grocery,4,451.21,2025-10-12,275,17.02,1,0,23.75
C-11073,Richard Jones,Male,42,30,3,8,4,10,Divorced,Mobile Phone,8,1678.8,2026-05-02,73,90.2,0,0,55.96
C-11074,Thomas Smith,Male,54,4,1,2,2,18,Married,Grocery,20,1709.36,2026-07-07,7,135.1,0,1,427.34
C-11075,Richard Wilson,Male,65,23,5,7,6,27,Divorced,Mobile Phone,9,2524.41,2026-07-08,6,172.48,0,0,109.76
C-11076,Susan Brown,Female,60,39,3,6,5,31,Married,Grocery,1,535.17,2026-07-11,3,72.67,1,0,13.72
C-11077,Thomas Jones,Male,70,53,3,5,1,27,Married,Laptop & Accessory,13,2894.61,2026-06-24,20,288.23,1,1,54.62
C-11078,Linda Davis,Female,55,32,3,4,6,42,Married,Fashion,2,434.66,2026-06-26,18,58.2,0,0,13.58
C-11079,Michael Williams,Male,58,7,5,2,6,1,Divorced,Fashion,10,715.66,2026-04-10,95,63.35,0,1,102.24
C-11080,Thomas Garcia,Male,62,23,1,10,5,6,Single,Others,19,4386.51,2026-06-30,14,138.98,0,1,190.72
C-11081,James Davis,Male,41,49,3,6,4,11,Divorced,Grocery,17,4598.77,2025-08-02,346,368.95,0,1,93.85
C-11082,Thomas Garcia,Male,57,19,4,5,3,34,Married,Others,13,3147.62,2026-04-19,86,399.32,0,0,165.66
C-11083,Jessica Miller,Female,63,59,5,2,3,39,Single,Others,14,3869.57,2026-03-25,111,175.03,0,1,65.59
C-11084,Linda Garcia,Female,50,15,2,10,2,20,Single,Grocery,11,987.7,2026-07-02,12,31.47,0,0,65.85
C-11085,Robert Rodriguez,Male,34,49,1,7,4,21,Married,Fashion,10,2723.63,2026-06-25,19,171.12,0,0,55.58
C-11086,John Johnson,Male,41,51,4,6,5,21,Divorced,Grocery,7,1178.06,2026-06-17,27,83.12,1,0,23.1
C-11087,Susan Wilson,Female,54,11,3,9,4,18,Single,Laptop & Accessory,10,855.04,2026-06-22,22,51.14,0,0,77.73
C-11088,Linda Wilson,Female,19,12,2,10,4,21,Single,Others,1,359.29,2026-06-24,20,13.5,0,0,29.94
C-11089,Jessica Rodriguez,Female,49,44,1,5,3,19,Divorced,Others,14,4252.92,2026-06-18,26,223.74,0,0,96.66
C-11090,Susan Jones,Female,41,41,5,9,5,4,Divorced,Grocery,3,1097.53,2026-06-30,14,119.3,0,0,26.77
C-11091,Joseph Brown,Male,26,38,2,9,1,13,Single,Others,13,3648.11,2026-06-16,28,255.99,0,0,96.0
C-11092,Patricia Miller,Female,21,24,2,1,6,18,Divorced,Fashion,2,835.54,2026-06-18,26,85.42,0,1,34.81
C-11093,Thomas Smith,Male,34,45,4,5,3,29,Single,Others,17,1872.71,2025-07-20,359,168.02,0,0,41.62
C-11094,Karen Davis,Female,34,31,1,9,5,25,Married,Grocery,3,1183.86,2025-10-19,268,108.18,0,1,38.19
C-11095,Karen Rodriguez,Female,70,23,4,7,2,13,Divorced,Fashion,15,3234.49,2026-06-19,25,169.2,0,0,140.63
C-11096,Karen Rodriguez,Female,67,47,4,6,6,27,Single,Fashion,8,2496.51,2026-05-04,71,219.2,0,1,53.12
C-11097,Karen Williams,Female,65,46,3,6,6,19,Divorced,Others,6,1735.25,2026-07-03,11,40.03,0,0,37.72
C-11098,Elizabeth Garcia,Female,47,43,5,7,3,49,Divorced,Grocery,9,2162.59,2026-06-30,14,164.63,0,1,50.29
C-11099,Joseph Brown,Male,57,8,2,1,2,1,Single,Others,11,2564.95,2026-06-20,24,242.24,0,0,320.62
C-11100,James Smith,Male,28,39,1,4,3,38,Married,Laptop & Accessory,2,650.13,2026-06-28,16,28.38,0,1,16.67
C-11101,Linda Miller,Female,38,49,5,1,4,19,Single,Laptop & Accessory,9,3019.61,2026-06-21,23,161.1,0,0,61.62
C-11102,Jessica Miller,Female,38,22,5,6,5,1,Divorced,Fashion,18,1638.82,2026-06-16,28,79.55,0,1,74.49
C-11103,Thomas Rodriguez,Male,35,49,1,4,2,40,Single,Others,19,2950.65,2026-02-07,157,86.08,0,1,60.22
C-11104,Patricia Wilson,Female,46,12,5,1,6,17,Divorced,Laptop & Accessory,18,1160.23,2026-06-29,15,75.67,1,0,96.69
C-11105,Mary Johnson,Female,41,59,3,9,3,21,Single,Mobile Phone,5,1179.15,2025-08-05,343,173.65,0,0,19.99
C-11106,William Brown,Male,27,58,5,4,6,22,Married,Laptop & Accessory,18,2461.96,2026-03-27,109,162.5,0,1,42.45
C-11107,Linda Rodriguez,Female,62,31,3,6,2,15,Married,Others,12,1058.89,2026-05-09,66,84.57,0,0,34.16
C-11108,Jessica Miller,Female,34,49,2,7,6,50,Married,Others,4,1181.77,2025-07-25,354,123.97,0,0,24.12
C-11109,James Johnson,Male,35,14,2,8,3,39,Married,Laptop & Accessory,15,2647.39,2026-06-16,28,276.14,0,1,189.1
C-11110,David Johnson,Male,59,35,4,9,3,48,Single,Others,11,1113.8,2026-07-02,12,159.82,0,0,31.82
C-11111,Charles Jones,Male,65,48,3,9,1,39,Married,Others,19,2673.79,2026-05-07,68,351.56,1,1,55.7
C-11112,Elizabeth Miller,Female,37,4,2,8,6,32,Single,Mobile Phone,5,1481.65,2026-06-24,20,182.56,0,0,370.41
C-11113,David Miller,Male,54,21,5,10,1,49,Divorced,Fashion,6,676.1,2025-09-29,288,97.16,0,0,32.2
C-11114,John Wilson,Male,62,15,1,3,1,4,Divorced,Others,13,1791.31,2026-05-28,47,89.56,0,0,119.42
C-11115,Robert Miller,Male,35,40,1,2,6,44,Divorced,Grocery,10,989.66,2025-12-01,225,99.18,0,1,24.74
C-11116,Joseph Smith,Male,34,9,3,5,2,45,Married,Fashion,14,1311.11,2026-06-28,16,177.44,0,1,145.68
C-11117,James Johnson,Male,26,23,4,1,4,32,Married,Fashion,4,1129.4,2026-07-10,4,114.23,0,0,49.1
C-11118,David Rodriguez,Male,31,17,5,3,3,4,Married,Grocery,20,3003.58,2026-07-10,4,441.72,1,0,176.68
C-11119,Linda Williams,Female,66,48,3,1,5,1,Divorced,Laptop & Accessory,12,2436.23,2025-11-14,242,80.51,1,0,50.75
C-11120,Jessica Wilson,Female,46,17,1,3,1,33,Divorced,Mobile Phone,15,1508.67,2026-06-02,42,116.34,0,1,88.75
C-11121,Thomas Jones,Male,48,6,3,4,2,7,Divorced,Others,10,2265.35,2026-04-13,92,333.14,0,0,377.56
C-11122,Thomas Johnson,Male,21,3,5,7,6,9,Divorced,Laptop & Accessory,11,2646.68,2026-06-29,15,183.53,0,0,500.0
C-11123,Robert Davis,Male,35,25,2,5,2,1,Single,Grocery,9,1107.5,2025-10-01,286,128.63,0,1,44.3
C-11124,Susan Miller,Female,37,4,5,5,2,16,Single,Mobile Phone,11,713.73,2025-09-30,287,17.1,0,0,178.43
C-11125,Barbara Johnson,Female,64,59,2,1,6,18,Married,Mobile Phone,2,730.47,2025-09-09,308,80.59,0,0,12.38
C-11126,Karen Miller,Female,60,54,2,8,5,47,Married,Mobile Phone,13,3325.4,2025-10-20,267,470.55,1,1,61.58
C-11127,Linda Williams,Female,61,15,2,4,6,6,Divorced,Grocery,8,821.02,2026-07-06,8,57.27,0,1,54.73
C-11128,Patricia Smith,Female,26,34,3,10,5,2,Single,Laptop & Accessory,8,1727.84,2025-09-21,296,39.34,0,1,50.82
C-11129,Elizabeth Johnson,Female,30,25,1,5,6,9,Single,Others,1,338.16,2026-03-23,113,7.99,0,1,13.53
C-11130,Patricia Davis,Female,32,17,3,2,1,4,Married,Mobile Phone,6,725.22,2026-07-05,9,98.6,0,0,42.66
C-11131,Jessica Wilson,Female,44,28,1,1,5,45,Single,Mobile Phone,13,944.17,2025-12-25,201,107.57,0,0,33.72
C-11132,Jessica Brown,Female,32,22,5,9,1,23,Married,Laptop & Accessory,9,1391.85,2026-07-04,10,47.14,0,0,63.27
C-11133,James Davis,Male,45,52,4,2,5,43,Divorced,Mobile Phone,6,954.7,2026-07-03,11,25.87,0,1,18.36
C-11134,James Brown,Male,54,13,5,6,5,45,Divorced,Mobile Phone,15,2357.35,2026-07-10,4,293.79,1,1,181.33
C-11135,Joseph Johnson,Male,36,14,3,1,6,43,Married,Grocery,16,3331.14,2026-07-09,5,417.33,1,1,237.94
C-11136,David Miller,Male,43,48,3,1,5,8,Divorced,Fashion,4,1047.53,2025-08-02,346,37.36,0,0,21.82
C-11137,Sarah Jones,Female,69,32,1,9,1,39,Divorced,Laptop & Accessory,17,4166.6,2026-03-27,109,246.65,0,1,130.21
C-11138,Karen Brown,Female,43,24,3,4,6,25,Single,Laptop & Accessory,9,2358.27,2026-06-24,20,286.3,0,1,98.26
C-11139,William Wilson,Male,42,20,2,9,3,16,Single,Laptop & Accessory,12,2889.82,2026-06-16,28,255.18,1,0,144.49
C-11140,Elizabeth Garcia,Female,43,16,3,5,1,35,Single,Grocery,19,5559.39,2026-06-25,19,802.53,0,1,347.46
C-11141,Charles Garcia,Male,43,22,1,7,3,17,Single,Grocery,20,2406.47,2026-04-13,92,198.63,0,1,109.38
C-11142,Patricia Davis,Female,63,56,1,1,2,18,Single,Others,12,1728.37,2026-06-17,27,186.67,0,1,30.86
C-11143,Joseph Miller,Male,45,42,2,6,6,27,Married,Grocery,6,1634.57,2026-07-04,10,141.02,0,1,38.92
C-11144,Elizabeth Rodriguez,Female,66,16,1,8,2,15,Married,Laptop & Accessory,12,2544.63,2026-07-02,12,362.83,0,0,159.04
C-11145,Jennifer Wilson,Female,35,57,4,1,6,17,Single,Others,9,2167.72,2026-01-18,177,155.7,0,1,38.03
C-11146,Michael Rodriguez,Male,49,13,5,9,6,43,Divorced,Fashion,20,1151.77,2026-06-21,23,57.44,0,1,88.6
C-11147,Barbara Garcia,Female,70,28,3,3,1,5,Divorced,Mobile Phone,5,1224.05,2026-03-21,115,76.46,0,0,43.72
C-11148,Richard Johnson,Male,20,19,4,1,3,16,Married,Mobile Phone,3,1039.6,2026-06-20,24,136.04,0,0,54.72
C-11149,Robert Smith,Male,19,29,3,1,6,15,Married,Others,2,557.29,2026-06-23,21,47.22,0,0,19.22
C-11150,Thomas Davis,Male,50,18,4,6,3,42,Married,Fashion,8,2515.2,2025-09-11,306,166.14,0,0,139.73
C-11151,James Williams,Male,59,52,3,6,6,46,Divorced,Mobile Phone,10,1911.89,2026-06-24,20,173.51,0,1,36.77
C-11152,Linda Brown,Female,36,38,2,1,3,34,Married,Others,15,1654.45,2026-01-24,171,61.74,0,0,43.54
C-11153,Elizabeth Williams,Female,34,55,1,3,2,48,Divorced,Grocery,9,1896.41,2026-06-02,42,39.25,0,0,34.48
C-11154,Jennifer Smith,Female,61,12,1,7,1,19,Married,Laptop & Accessory,10,1856.53,2026-05-30,45,104.85,0,0,154.71
C-11155,Richard Wilson,Male,50,17,2,10,6,8,Divorced,Fashion,11,2451.03,2025-10-22,265,241.8,0,0,144.18
C-11156,Mary Johnson,Female,29,22,4,3,4,47,Married,Mobile Phone,9,1805.98,2025-10-30,257,203.21,0,0,82.09
C-11157,Michael Brown,Male,66,45,5,3,3,10,Married,Laptop & Accessory,14,3028.52,2025-10-11,276,386.01,1,0,67.3
C-11158,Elizabeth Johnson,Female,20,32,4,3,3,5,Divorced,Others,5,600.08,2025-11-20,236,84.29,0,0,18.75
C-11159,Linda Smith,Female,60,38,1,7,4,48,Married,Mobile Phone,9,1400.65,2026-06-22,22,103.05,0,1,36.86
C-11160,Patricia Smith,Female,66,39,5,4,1,26,Single,Laptop & Accessory,4,900.7,2026-01-20,175,104.72,1,0,23.09
C-11161,Charles Wilson,Male,43,17,3,4,3,22,Divorced,Grocery,2,763.54,2026-06-17,27,22.68,0,0,44.91
C-11162,Linda Brown,Female,52,8,5,3,1,44,Married,Fashion,19,2433.95,2026-06-30,14,66.88,0,0,304.24
C-11163,Susan Wilson,Female,25,32,4,10,3,23,Divorced,Others,1,594.14,2026-06-26,18,21.52,0,0,18.57
C-11164,Thomas Rodriguez,Male,69,31,2,9,5,13,Married,Mobile Phone,1,436.18,2025-08-31,317,34.16,1,1,14.07
C-11165,Elizabeth Wilson,Female,53,60,3,2,3,9,Single,Grocery,12,1488.33,2026-07-09,5,70.65,0,0,24.81
C-11166,James Smith,Male,70,53,4,4,5,49,Married,Fashion,11,1760.95,2026-07-06,8,100.9,0,0,33.23
C-11167,Barbara Johnson,Female,24,16,3,8,6,20,Married,Fashion,1,278.21,2026-03-06,130,29.0,0,0,17.39
C-11168,Joseph Rodriguez,Male,63,18,5,6,1,28,Single,Grocery,14,4303.87,2026-02-14,150,286.67,1,0,239.1
C-11169,Michael Jones,Male,63,26,1,7,3,44,Divorced,Mobile Phone,11,2664.3,2026-06-09,35,246.34,0,1,102.47
C-11170,Jessica Williams,Female,53,5,4,7,2,37,Married,Fashion,7,2030.44,2025-09-11,306,149.47,0,0,406.09
C-11171,William Williams,Male,33,34,2,2,2,24,Married,Others,2,857.5,2026-04-13,92,35.99,0,1,25.22
C-11172,Charles Williams,Male,41,55,5,4,4,44,Single,Laptop & Accessory,15,3469.74,2026-06-18,26,102.78,0,1,63.09
C-11173,Robert Davis,Male,18,36,4,10,2,33,Divorced,Others,8,2110.78,2026-07-07,7,107.04,0,1,58.63
C-11174,Richard Davis,Male,66,33,2,10,5,20,Divorced,Fashion,20,4454.19,2025-10-26,261,122.49,1,1,134.98
C-11175,Charles Garcia,Male,42,19,4,6,2,48,Single,Laptop & Accessory,15,3438.49,2026-06-22,22,345.29,0,1,180.97
C-11176,William Jones,Male,27,24,5,3,2,30,Single,Grocery,8,1169.55,2026-06-15,29,144.37,0,0,48.73
C-11177,Linda Davis,Female,33,3,4,9,2,44,Married,Laptop & Accessory,10,1550.31,2026-06-15,29,99.48,0,0,500.0
C-11178,Charles Brown,Male,33,9,3,4,3,9,Single,Laptop & Accessory,19,3854.93,2026-07-07,7,271.1,0,0,428.33
C-11179,John Brown,Male,25,9,5,10,4,45,Single,Laptop & Accessory,3,266.95,2025-10-27,260,33.66,0,1,29.66
C-11180,Jessica Rodriguez,Female,46,23,4,2,1,49,Single,Fashion,20,3644.17,2026-07-05,9,178.34,1,0,158.44
C-11181,Jennifer Davis,Female,56,20,1,6,4,17,Divorced,Mobile Phone,14,3909.04,2026-07-06,8,138.74,0,1,195.45
C-11182,Sarah Brown,Female,45,10,4,1,5,36,Single,Fashion,9,1657.83,2026-04-15,90,141.16,0,0,165.78
C-11183,Karen Williams,Female,23,26,3,6,3,14,Married,Mobile Phone,9,1952.73,2026-06-25,19,203.09,0,1,75.1
C-11184,Elizabeth Smith,Female,33,15,2,10,6,19,Married,Grocery,6,752.86,2026-07-12,2,73.75,0,1,50.19
C-11185,Jennifer Garcia,Female,37,25,2,1,3,7,Married,Grocery,8,2238.69,2025-11-02,254,252.53,0,1,89.55
C-11186,Jessica Brown,Female,33,60,2,8,2,3,Single,Grocery,11,2136.92,2026-02-16,148,58.5,0,0,35.62
C-11187,John Garcia,Male,24,60,1,5,2,33,Divorced,Grocery,8,2913.18,2025-12-24,202,220.43,0,1,48.55
C-11188,Joseph Wilson,Male,58,29,3,6,5,44,Single,Grocery,12,3871.14,2026-06-17,27,197.48,0,1,133.49
C-11189,Linda Williams,Female,31,48,5,2,6,32,Single,Others,10,3270.0,2026-06-24,20,388.1,0,0,68.12
C-11190,John Rodriguez,Male,60,15,2,2,3,47,Married,Fashion,4,434.88,2026-02-08,156,58.04,0,0,28.99
C-11191,James Davis,Male,43,6,3,9,6,11,Single,Mobile Phone,16,2192.73,2025-09-25,292,124.05,0,1,365.46
C-11192,William Garcia,Male,43,15,4,3,1,42,Divorced,Grocery,20,5875.69,2026-07-11,3,190.25,0,0,391.71
C-11193,Linda Davis,Female,31,34,1,6,4,2,Married,Others,6,1846.8,2026-06-26,18,97.78,1,1,54.32
C-11194,Elizabeth Jones,Female,24,57,3,10,3,26,Divorced,Others,9,3070.16,2026-04-05,100,102.92,0,0,53.86
C-11195,Thomas Rodriguez,Male,50,15,3,5,6,4,Divorced,Others,5,1115.69,2026-04-17,88,69.08,0,0,74.38
C-11196,Sarah Miller,Female,43,39,5,4,1,17,Divorced,Fashion,6,1410.6,2025-11-06,250,126.91,1,0,36.17
C-11197,David Jones,Male,62,11,3,10,1,17,Single,Grocery,17,1412.61,2025-09-21,296,207.06,0,0,128.42
C-11198,Thomas Wilson,Male,37,34,5,2,4,28,Single,Others,17,4757.75,2026-03-12,124,342.17,0,0,139.93
C-11199,Joseph Davis,Male,20,48,1,8,1,30,Single,Others,13,3551.71,2026-07-03,11,172.63,0,1,73.99
C-11200,Richard Miller,Male,69,20,1,10,5,40,Single,Grocery,17,1300.23,2026-06-27,17,54.2,0,0,65.01
C-11201,Elizabeth Brown,Female,21,49,4,7,1,23,Married,Fashion,14,1922.95,2026-06-15,29,81.72,0,1,39.24
C-11202,Jennifer Williams,Female,43,42,5,2,6,46,Single,Others,2,798.64,2026-06-06,38,35.97,0,1,19.02
C-11203,Barbara Brown,Female,28,35,5,6,5,24,Married,Mobile Phone,19,4550.91,2026-07-03,11,541.99,0,0,130.03
C-11204,David Williams,Male,19,47,2,8,1,29,Divorced,Laptop & Accessory,3,723.25,2026-02-10,154,20.2,0,0,15.39
C-11205,Linda Rodriguez,Female,31,16,2,7,2,4,Married,Laptop & Accessory,2,382.41,2026-01-30,165,57.23,0,0,23.9
C-11206,William Davis,Male,61,31,4,1,1,38,Single,Laptop & Accessory,2,506.56,2026-06-18,26,44.55,0,0,16.34
C-11207,Karen Johnson,Female,47,40,1,5,5,29,Married,Fashion,7,1135.0,2026-03-20,116,103.01,0,0,28.38
C-11208,William Rodriguez,Male,66,5,2,2,1,19,Single,Others,4,1170.71,2026-02-22,142,77.83,1,1,234.14
C-11209,Robert Rodriguez,Male,29,23,3,6,1,27,Single,Laptop & Accessory,17,4122.23,2025-10-30,257,452.35,0,1,179.23
C-11210,David Brown,Male,43,26,1,7,1,29,Married,Laptop & Accessory,6,1665.66,2025-08-15,333,135.4,0,0,64.06
C-11211,Susan Garcia,Female,61,19,3,7,5,36,Married,Grocery,7,1929.49,2026-03-19,117,121.13,1,1,101.55
C-11212,Barbara Jones,Female,50,24,5,3,1,35,Divorced,Others,20,3022.87,2026-02-17,147,164.65,0,1,125.95
C-11213,Barbara Jones,Female,30,1,1,7,4,6,Divorced,Others,6,1460.78,2025-10-22,265,205.0,0,1,500.0
C-11214,Jessica Smith,Female,31,8,4,5,6,23,Divorced,Grocery,9,2731.43,2026-06-28,16,157.95,1,1,341.43
C-11215,Richard Wilson,Male,41,27,5,8,4,39,Divorced,Others,20,4761.97,2026-06-17,27,365.39,1,1,176.37
C-11216,Karen Johnson,Female,51,52,5,8,5,46,Divorced,Mobile Phone,4,1136.75,2026-02-24,140,74.51,0,0,21.86
C-11217,Sarah Smith,Female,61,60,3,7,2,44,Married,Fashion,5,1745.45,2026-02-14,150,54.46,0,1,29.09
C-11218,Charles Miller,Male,43,37,5,6,4,48,Divorced,Grocery,19,5598.77,2026-07-13,1,247.31,0,1,151.32
C-11219,Thomas Smith,Male,38,2,2,2,6,8,Married,Laptop & Accessory,10,841.9,2026-03-06,130,37.58,1,1,420.95
C-11220,Michael Brown,Male,45,19,1,6,3,2,Divorced,Others,18,2283.83,2026-03-08,128,251.62,1,1,120.2
C-11221,Sarah Jones,Female,65,5,2,9,6,13,Single,Mobile Phone,15,4247.36,2026-06-24,20,309.45,0,0,500.0
C-11222,William Miller,Male,53,38,3,2,4,40,Divorced,Mobile Phone,1,666.56,2026-06-04,40,81.09,0,0,17.54
C-11223,James Smith,Male,57,32,3,1,3,21,Single,Fashion,5,1175.17,2026-06-22,22,131.81,1,0,36.72
C-11224,Thomas Williams,Male,19,54,1,5,5,31,Married,Mobile Phone,5,1258.19,2026-04-09,96,56.58,0,1,23.3
C-11225,Linda Smith,Female,59,0,5,6,6,48,Divorced,Others,8,965.56,2026-04-09,96,89.97,0,1,500.0
C-11226,Thomas Garcia,Male,26,36,4,3,2,36,Married,Others,20,3853.76,2026-06-29,15,449.26,0,0,107.05
C-11227,Patricia Garcia,Female,40,5,3,8,3,48,Divorced,Mobile Phone,15,4304.49,2026-06-24,20,440.33,0,0,500.0
C-11228,Susan Miller,Female,32,44,1,7,3,38,Married,Others,17,1926.69,2026-06-21,23,188.82,1,0,43.79
C-11229,James Davis,Male,30,33,4,2,6,27,Divorced,Others,19,3274.2,2026-04-23,82,380.3,1,0,99.22
C-11230,Charles Davis,Male,40,46,5,7,4,36,Divorced,Laptop & Accessory,13,4072.73,2026-07-09,5,111.52,0,0,88.54
C-11231,Sarah Smith,Female,34,14,3,1,3,48,Single,Grocery,10,1512.8,2025-11-12,244,174.1,0,1,108.06
C-11232,John Rodriguez,Male,65,44,1,9,5,23,Married,Others,17,4554.35,2026-01-20,175,252.52,0,0,103.51
C-11233,Thomas Miller,Male,19,25,1,7,6,21,Married,Others,5,986.57,2026-07-03,11,93.08,0,0,39.46
C-11234,Barbara Brown,Female,37,56,1,6,5,13,Married,Fashion,18,5082.17,2026-06-10,34,261.73,0,0,90.75
C-11235,Linda Jones,Female,37,13,3,2,6,37,Married,Grocery,17,5149.26,2026-01-03,192,664.49,0,1,396.1
C-11236,Robert Smith,Male,63,57,4,3,5,47,Married,Grocery,4,1157.82,2026-07-13,1,95.49,0,0,20.31
C-11237,Mary Davis,Female,20,53,1,1,4,26,Single,Grocery,7,2358.92,2026-05-27,48,244.34,0,0,44.51
C-11238,James Smith,Male,29,6,5,10,6,40,Divorced,Mobile Phone,5,1545.52,2026-07-10,4,190.46,0,0,257.59
C-11239,Robert Wilson,Male,57,45,1,5,2,7,Single,Laptop & Accessory,8,2817.66,2026-06-28,16,384.3,1,1,62.61
C-11240,Michael Brown,Male,19,57,4,9,4,46,Married,Laptop & Accessory,8,1837.54,2025-10-20,267,211.63,0,1,32.24
C-11241,Patricia Smith,Female,53,30,3,6,5,39,Married,Fashion,11,2185.84,2026-07-07,7,85.99,0,1,72.86
C-11242,Robert Brown,Male,31,23,1,5,6,22,Divorced,Grocery,9,1362.65,2026-07-12,2,178.63,0,1,59.25
C-11243,Robert Garcia,Male,33,58,1,3,4,39,Single,Grocery,19,3021.59,2025-10-02,285,303.41,0,0,52.1
C-11244,Charles Smith,Male,36,30,5,5,5,23,Divorced,Others,19,3589.24,2026-06-07,37,356.15,0,1,119.64
C-11245,Patricia Davis,Female,51,28,5,8,1,30,Divorced,Mobile Phone,9,1181.17,2025-10-14,273,165.1,0,1,42.18
C-11246,Linda Garcia,Female,61,41,1,2,1,18,Single,Mobile Phone,20,4965.62,2026-07-08,6,259.94,1,1,121.11
C-11247,Jennifer Miller,Female,63,31,1,5,3,42,Divorced,Fashion,17,3439.31,2026-06-28,16,175.91,0,1,110.95
C-11248,Sarah Smith,Female,23,16,5,6,2,18,Single,Laptop & Accessory,16,4552.27,2026-06-10,34,394.75,0,0,284.52
C-11249,Mary Garcia,Female,30,13,4,10,1,46,Single,Grocery,7,1898.52,2026-07-10,4,223.29,0,1,146.04
C-11250,Robert Jones,Male,53,39,2,8,5,10,Married,Fashion,3,781.85,2026-04-22,83,61.09,0,1,20.05
C-11251,Mary Jones,Female,39,35,2,8,4,39,Divorced,Mobile Phone,19,3702.57,2026-06-26,18,379.16,0,1,105.79
C-11252,Barbara Garcia,Female,35,57,1,5,6,30,Married,Mobile Phone,8,2471.03,2026-06-24,20,194.79,1,0,43.35
C-11253,Jennifer Williams,Female,29,47,5,9,4,26,Divorced,Mobile Phone,5,961.5,2026-06-25,19,95.53,0,0,20.46
C-11254,Charles Rodriguez,Male,69,23,3,4,3,7,Divorced,Grocery,6,577.4,2026-04-12,93,73.27,0,1,25.1
C-11255,Linda Brown,Female,47,44,3,9,4,7,Married,Grocery,2,966.15,2026-04-20,85,41.99,0,0,21.96
C-11256,Susan Johnson,Female,70,53,2,7,1,5,Married,Grocery,19,2133.36,2026-06-18,26,235.52,1,1,40.25
C-11257,Joseph Miller,Male,68,26,4,6,4,1,Married,Others,13,3800.59,2026-05-06,69,465.06,0,1,146.18
C-11258,Jennifer Rodriguez,Female,57,24,2,4,1,46,Single,Laptop & Accessory,6,1910.41,2026-07-10,4,149.25,0,0,79.6
C-11259,William Garcia,Male,24,58,1,2,1,18,Divorced,Mobile Phone,6,1571.05,2026-06-29,15,97.44,0,0,27.09
C-11260,Richard Garcia,Male,49,31,4,8,2,13,Single,Mobile Phone,2,813.39,2026-06-10,34,17.7,0,0,26.24
C-11261,Richard Williams,Male,65,51,3,6,3,25,Divorced,Others,5,1213.99,2026-02-08,156,150.08,0,0,23.8
C-11262,John Davis,Male,36,17,5,3,5,40,Divorced,Mobile Phone,11,3080.23,2025-11-19,237,192.92,0,0,181.19
C-11263,Robert Williams,Male,23,45,5,7,1,8,Single,Mobile Phone,11,3267.88,2026-01-28,167,217.15,0,0,72.62
C-11264,Patricia Brown,Female,37,17,1,10,6,10,Single,Grocery,14,1144.81,2026-07-10,4,72.9,0,0,67.34
C-11265,Joseph Smith,Male,44,36,2,7,3,32,Divorced,Grocery,13,2903.46,2026-06-18,26,246.32,0,0,80.65
C-11266,James Jones,Male,70,25,1,6,5,17,Married,Laptop & Accessory,8,1930.0,2026-06-04,40,214.86,0,0,77.2
C-11267,Elizabeth Smith,Female,60,8,5,2,6,38,Married,Mobile Phone,15,833.21,2026-04-28,77,100.27,0,1,104.15
C-11268,David Smith,Male,54,59,3,8,4,15,Married,Fashion,12,4129.75,2026-06-22,22,293.35,0,0,70.0
C-11269,Elizabeth Rodriguez,Female,65,34,5,1,3,15,Married,Mobile Phone,3,794.93,2026-03-27,109,84.42,0,1,23.38
C-11270,Elizabeth Miller,Female,24,7,4,1,6,48,Divorced,Mobile Phone,5,966.68,2026-06-18,26,109.9,0,0,138.1
C-11271,Jessica Smith,Female,22,19,5,6,3,40,Married,Laptop & Accessory,6,782.21,2026-05-10,65,45.84,0,0,41.17
C-11272,John Rodriguez,Male,28,53,5,5,3,20,Married,Fashion,2,935.46,2026-05-24,51,30.46,0,0,17.65
C-11273,Robert Miller,Male,32,41,4,9,4,15,Married,Mobile Phone,8,2431.24,2026-06-16,28,331.39,0,1,59.3
C-11274,William Johnson,Male,20,21,2,7,4,35,Divorced,Fashion,5,1192.37,2026-07-13,1,128.81,0,1,56.78
C-11275,Susan Brown,Female,22,18,5,2,3,6,Single,Grocery,17,4379.15,2026-04-09,96,456.55,0,1,243.29
C-11276,James Brown,Male,40,29,1,7,6,30,Married,Grocery,2,755.55,2026-03-20,116,20.9,0,0,26.05
C-11277,David Davis,Male,70,52,5,3,2,8,Divorced,Fashion,11,1723.56,2026-06-19,25,217.73,0,1,33.15
C-11278,Richard Davis,Male,54,27,1,1,1,31,Divorced,Mobile Phone,4,905.81,2025-07-27,352,84.77,0,1,33.55
C-11279,Jennifer Miller,Female,26,34,4,8,4,48,Married,Fashion,11,1298.72,2026-02-05,159,169.13,0,1,38.2
C-11280,Jessica Brown,Female,32,42,5,3,2,47,Single,Fashion,9,964.36,2026-06-22,22,141.46,0,0,22.96
C-11281,Joseph Johnson,Male,20,10,4,8,4,32,Single,Grocery,6,494.6,2025-10-15,272,71.43,0,0,49.46
C-11282,Charles Rodriguez,Male,46,30,4,7,3,45,Single,Fashion,2,871.25,2025-12-27,199,114.39,0,0,29.04
C-11283,Thomas Garcia,Male,23,48,2,2,2,15,Divorced,Others,15,4922.02,2026-05-14,61,105.45,1,1,102.54
C-11284,Charles Wilson,Male,34,47,5,1,6,18,Married,Others,5,838.72,2026-03-28,108,113.35,0,0,17.85
C-11285,Mary Johnson,Female,43,38,1,7,6,13,Married,Grocery,12,1985.58,2025-09-01,316,59.09,0,0,52.25
C-11286,Barbara Wilson,Female,38,35,1,1,5,24,Divorced,Mobile Phone,13,1371.87,2026-06-15,29,179.24,0,0,39.2
C-11287,Elizabeth Rodriguez,Female,25,29,5,6,1,40,Married,Mobile Phone,17,4685.47,2025-07-20,359,264.37,1,1,161.57
C-11288,Elizabeth Johnson,Female,38,22,2,10,1,14,Married,Grocery,4,916.3,2026-07-01,13,91.0,0,0,41.65
C-11289,Charles Brown,Male,28,18,2,10,4,28,Single,Mobile Phone,10,2233.15,2026-07-09,5,55.71,0,1,124.06
C-11290,Thomas Smith,Male,55,11,2,8,1,11,Married,Laptop & Accessory,1,294.98,2026-06-17,27,35.47,0,1,26.82
C-11291,James Davis,Male,25,14,1,7,5,6,Married,Others,11,2643.2,2026-07-05,9,91.25,1,1,188.8
C-11292,Jennifer Wilson,Female,59,30,4,4,6,25,Divorced,Laptop & Accessory,16,2376.53,2026-07-09,5,174.41,1,1,79.22
C-11293,John Rodriguez,Male,41,42,2,1,2,1,Divorced,Laptop & Accessory,11,1348.11,2026-04-11,94,170.22,0,1,32.1
C-11294,Jennifer Johnson,Female,52,36,1,1,2,25,Single,Laptop & Accessory,9,849.65,2025-08-13,335,93.8,0,0,23.6
C-11295,Jessica Wilson,Female,31,36,1,4,6,2,Divorced,Grocery,2,682.85,2026-07-09,5,14.19,0,0,18.97
C-11296,David Miller,Male,31,14,4,5,3,32,Single,Laptop & Accessory,7,2078.71,2026-07-07,7,150.49,0,0,148.48
C-11297,Charles Davis,Male,27,28,5,7,6,13,Single,Fashion,19,2680.02,2025-08-16,332,68.21,0,0,95.72
C-11298,Richard Miller,Male,29,49,5,4,2,33,Married,Mobile Phone,18,2271.81,2025-11-16,240,244.34,1,0,46.36
C-11299,Linda Rodriguez,Female,55,42,2,10,4,32,Single,Grocery,20,6050.21,2026-07-07,7,883.11,0,1,144.05
C-11300,David Brown,Male,61,25,2,1,5,24,Married,Fashion,7,784.54,2026-07-11,3,82.52,0,0,31.38
C-11301,Jennifer Brown,Female,63,43,4,10,6,27,Single,Fashion,9,996.55,2026-04-01,104,49.0,0,1,23.18
C-11302,Robert Johnson,Male,51,1,2,7,3,4,Divorced,Others,12,3248.24,2026-02-02,162,214.97,0,1,500.0
C-11303,Elizabeth Johnson,Female,58,19,4,2,4,24,Divorced,Others,3,865.68,2025-12-30,196,127.22,0,0,45.56
C-11304,Barbara Williams,Female,27,14,1,2,6,23,Divorced,Fashion,16,2628.27,2026-06-20,24,129.12,0,0,187.73
C-11305,David Wilson,Male,34,51,2,8,4,29,Single,Others,7,2176.6,2026-06-18,26,202.42,0,0,42.68
C-11306,Sarah Smith,Female,34,3,1,10,6,34,Single,Mobile Phone,5,1206.8,2026-07-01,13,86.96,0,1,402.27
C-11307,Barbara Rodriguez,Female,20,21,3,10,4,21,Married,Mobile Phone,7,630.11,2026-07-06,8,75.54,0,0,30.01
C-11308,Michael Johnson,Male,48,49,4,10,1,30,Married,Others,19,4652.17,2025-08-31,317,617.62,0,0,94.94
C-11309,Linda Smith,Female,68,37,3,5,4,26,Married,Laptop & Accessory,17,3943.71,2026-06-23,21,253.62,1,1,106.59
C-11310,Robert Wilson,Male,18,22,2,10,1,20,Married,Fashion,16,4875.12,2026-06-23,21,516.04,0,0,221.6
C-11311,Sarah Wilson,Female,29,58,1,2,2,16,Single,Mobile Phone,19,6121.46,2026-06-23,21,559.36,0,0,105.54
C-11312,William Miller,Male,56,25,2,5,1,3,Single,Others,18,2850.1,2026-06-29,15,160.17,0,0,114.0
C-11313,Robert Jones,Male,21,50,3,8,4,49,Married,Others,19,4251.75,2026-04-02,103,235.34,0,0,85.04
C-11314,Jessica Miller,Female,59,10,2,6,5,37,Single,Mobile Phone,4,441.36,2026-05-22,53,39.73,0,0,44.14
C-11315,Linda Johnson,Female,30,27,5,3,5,40,Single,Mobile Phone,1,336.61,2026-06-30,14,13.47,0,1,12.47
C-11316,Sarah Smith,Female,51,55,3,8,2,44,Single,Laptop & Accessory,4,1182.78,2026-01-26,169,148.33,1,1,21.51
C-11317,Mary Brown,Female,59,1,2,9,4,25,Single,Others,4,899.88,2026-05-23,52,26.07,0,0,500.0
C-11318,Susan Smith,Female,38,58,1,5,1,23,Married,Others,9,2307.46,2026-03-08,128,74.52,0,0,39.78
C-11319,Thomas Brown,Male,39,7,2,2,5,44,Married,Grocery,8,1329.31,2026-06-15,29,85.73,0,0,189.9
C-11320,Jennifer Smith,Female,21,28,1,2,6,1,Single,Laptop & Accessory,2,789.06,2026-07-13,1,27.89,0,1,28.18
C-11321,Charles Brown,Male,35,10,5,7,3,33,Divorced,Mobile Phone,6,1591.64,2026-02-25,139,130.26,0,0,159.16
C-11322,Thomas Wilson,Male,22,36,2,1,4,15,Married,Mobile Phone,11,2922.84,2025-12-27,199,210.32,0,1,81.19
C-11323,Barbara Miller,Female,36,17,5,10,6,17,Married,Fashion,4,447.03,2026-06-28,16,50.89,0,0,26.3
C-11324,James Wilson,Male,19,54,3,2,6,34,Divorced,Mobile Phone,14,4027.64,2026-02-21,143,579.54,0,1,74.59
C-11325,John Miller,Male,29,49,1,10,4,17,Married,Others,9,3008.7,2026-07-07,7,354.91,0,0,61.4
C-11326,John Williams,Male,34,13,3,4,3,41,Divorced,Mobile Phone,2,259.72,2025-07-16,363,11.25,0,0,19.98
C-11327,Michael Jones,Male,27,53,1,1,5,44,Divorced,Others,1,680.42,2026-02-15,149,96.36,0,0,12.84
C-11328,Sarah Brown,Female,51,9,5,4,3,4,Single,Others,4,1278.36,2026-03-10,126,90.73,0,0,142.04
C-11329,Thomas Wilson,Male,23,34,4,10,2,13,Married,Laptop & Accessory,12,2737.72,2026-07-14,0,223.52,0,0,80.52
C-11330,Jennifer Garcia,Female,25,8,2,5,1,4,Divorced,Mobile Phone,5,971.97,2026-04-06,99,72.71,0,0,121.5
C-11331,Mary Rodriguez,Female,68,34,5,9,1,7,Single,Laptop & Accessory,9,1189.25,2026-06-30,14,67.16,0,1,34.98
C-11332,Thomas Wilson,Male,28,10,1,1,6,46,Married,Others,4,865.49,2026-07-13,1,118.01,1,1,86.55
C-11333,Patricia Brown,Female,29,43,1,5,5,9,Single,Mobile Phone,16,2986.17,2026-07-05,9,188.7,0,0,69.45
C-11334,Jessica Davis,Female,26,11,1,2,3,23,Single,Mobile Phone,2,273.72,2026-07-06,8,26.06,0,1,24.88
C-11335,Mary Jones,Female,19,2,1,9,6,33,Divorced,Laptop & Accessory,16,2677.33,2025-08-28,320,137.09,1,1,500.0
C-11336,Richard Brown,Male,25,52,2,6,4,33,Married,Laptop & Accessory,16,1977.6,2026-06-15,29,244.55,0,1,38.03
C-11337,Mary Rodriguez,Female,28,38,3,2,6,20,Single,Others,11,2939.32,2026-07-03,11,354.62,0,0,77.35
C-11338,Elizabeth Johnson,Female,70,13,4,3,4,4,Divorced,Others,1,423.41,2026-05-20,55,24.78,0,0,32.57
C-11339,Jessica Johnson,Female,53,55,2,8,4,1,Divorced,Mobile Phone,15,3060.91,2026-06-23,21,332.42,0,0,55.65
C-11340,Robert Wilson,Male,27,27,1,1,2,42,Single,Mobile Phone,4,1102.37,2026-06-18,26,122.92,0,1,40.83
C-11341,Mary Johnson,Female,38,10,2,3,2,34,Single,Grocery,18,2939.39,2026-06-30,14,273.74,0,1,293.94
C-11342,Richard Wilson,Male,37,38,5,10,4,27,Divorced,Grocery,17,1818.43,2025-10-04,283,178.35,0,1,47.85
C-11343,John Miller,Male,65,24,1,1,5,21,Single,Fashion,7,2288.47,2026-06-20,24,216.67,0,0,95.35
C-11344,Robert Brown,Male,25,20,4,8,2,24,Single,Others,18,1683.1,2026-06-19,25,51.57,0,1,84.16
C-11345,Joseph Williams,Male,53,9,1,1,2,15,Married,Fashion,13,1102.79,2025-11-24,232,118.15,0,0,122.53
C-11346,Charles Miller,Male,46,42,4,5,1,35,Divorced,Fashion,20,3715.86,2026-06-21,23,301.25,0,0,88.47
C-11347,James Davis,Male,59,14,4,4,6,25,Single,Laptop & Accessory,20,4434.44,2026-07-03,11,341.45,0,1,316.75
C-11348,Jessica Garcia,Female,29,18,3,7,1,9,Divorced,Laptop & Accessory,10,1567.31,2026-06-16,28,206.57,1,0,87.07
C-11349,Robert Wilson,Male,31,47,3,5,5,17,Married,Grocery,1,568.13,2026-06-20,24,13.08,0,0,12.09
C-11350,Mary Rodriguez,Female,65,21,2,8,2,21,Divorced,Fashion,2,719.48,2025-10-10,277,37.9,0,0,34.26
C-11351,Barbara Rodriguez,Female,67,20,2,1,2,13,Divorced,Grocery,17,2593.19,2026-02-27,137,92.79,1,0,129.66
C-11352,Richard Smith,Male,38,59,4,5,3,3,Divorced,Others,3,885.74,2026-07-03,11,21.78,1,0,15.01
C-11353,Mary Miller,Female,39,51,1,4,5,4,Married,Mobile Phone,17,2911.61,2025-11-24,232,162.58,0,0,57.09
C-11354,Elizabeth Rodriguez,Female,38,43,5,3,6,4,Married,Laptop & Accessory,12,1673.66,2026-06-24,20,248.54,0,1,38.92
C-11355,Patricia Garcia,Female,61,31,5,5,6,43,Divorced,Others,12,2468.34,2026-01-12,183,136.08,0,0,79.62
C-11356,Elizabeth Johnson,Female,67,49,1,10,6,28,Divorced,Others,20,4831.45,2026-07-08,6,513.49,0,0,98.6
C-11357,Charles Miller,Male,47,22,1,3,5,7,Married,Laptop & Accessory,10,2718.89,2026-07-12,2,96.19,0,1,123.59
C-11358,Karen Garcia,Female,56,12,3,8,3,26,Single,Laptop & Accessory,7,868.23,2026-07-05,9,85.3,0,1,72.35
C-11359,Michael Johnson,Male,37,4,5,3,3,11,Married,Fashion,10,957.39,2026-07-02,12,141.68,0,0,239.35
C-11360,Elizabeth Johnson,Female,41,3,4,1,1,24,Divorced,Grocery,18,1018.22,2025-07-18,361,58.99,0,1,339.41
C-11361,Patricia Miller,Female,40,27,2,9,5,43,Single,Others,6,912.13,2026-05-05,70,118.8,0,0,33.78
C-11362,Charles Rodriguez,Male,24,13,3,9,5,10,Single,Fashion,7,521.83,2026-02-17,147,78.11,0,0,40.14
C-11363,Linda Miller,Female,26,7,5,6,3,37,Single,Fashion,17,2388.27,2026-07-12,2,230.5,0,0,341.18
C-11364,Susan Miller,Female,18,8,1,10,4,13,Married,Others,12,1117.08,2026-01-16,179,67.27,0,0,139.64
C-11365,Jessica Brown,Female,43,56,5,1,4,44,Married,Others,17,3874.56,2026-06-02,42,416.74,0,0,69.19
C-11366,James Davis,Male,55,50,4,8,1,42,Married,Mobile Phone,18,3126.77,2026-02-19,145,405.95,0,1,62.54
C-11367,Jennifer Miller,Female,55,34,3,2,4,39,Married,Grocery,14,1367.55,2026-02-05,159,57.81,0,1,40.22
C-11368,John Rodriguez,Male,61,36,1,9,4,19,Divorced,Others,11,2009.63,2026-01-22,173,158.41,1,0,55.82
C-11369,Mary Miller,Female,39,20,4,8,4,19,Single,Laptop & Accessory,2,404.67,2026-05-19,56,24.88,0,0,20.23
C-11370,David Jones,Male,61,57,2,3,2,12,Divorced,Mobile Phone,1,790.04,2026-07-04,10,44.9,0,0,13.86
C-11371,William Smith,Male,27,17,3,5,1,22,Married,Grocery,11,1722.2,2025-08-01,347,227.17,1,0,101.31
C-11372,Karen Jones,Female,23,32,4,9,3,47,Married,Laptop & Accessory,2,493.52,2026-06-11,33,36.92,0,1,15.42
C-11373,Patricia Davis,Female,34,7,4,1,4,37,Divorced,Laptop & Accessory,16,2268.41,2026-06-24,20,145.36,1,1,324.06
C-11374,Robert Brown,Male,68,50,1,9,6,30,Single,Grocery,3,818.28,2026-03-14,122,80.56,0,1,16.37
C-11375,Robert Williams,Male,67,48,2,4,2,46,Single,Mobile Phone,20,5458.9,2025-09-13,304,264.88,0,0,113.73
C-11376,Linda Jones,Female,55,16,4,4,4,12,Married,Laptop & Accessory,1,455.84,2026-06-18,26,22.74,0,0,28.49
C-11377,James Brown,Male,41,42,3,4,2,29,Married,Fashion,20,1547.46,2026-03-18,118,135.62,1,0,36.84
C-11378,Jessica Wilson,Female,68,30,4,10,1,21,Married,Grocery,8,2080.04,2025-09-21,296,152.27,1,0,69.33
C-11379,Susan Rodriguez,Female,27,33,5,9,6,11,Married,Grocery,19,2533.8,2026-04-11,94,147.84,0,0,76.78
C-11380,Elizabeth Wilson,Female,25,5,3,6,6,37,Single,Others,1,116.6,2026-06-27,17,3.15,0,0,23.32
C-11381,Linda Garcia,Female,38,21,3,8,6,48,Divorced,Mobile Phone,5,477.94,2026-06-19,25,41.92,0,0,22.76
C-11382,Thomas Davis,Male,23,13,4,4,4,18,Single,Fashion,1,400.25,2026-06-29,15,50.5,0,0,30.79
C-11383,Susan Jones,Female,38,2,1,3,2,44,Divorced,Fashion,11,1542.42,2026-01-18,177,201.56,0,1,500.0
C-11384,Michael Wilson,Male,56,11,3,1,6,27,Married,Others,9,2797.72,2026-07-07,7,141.58,0,1,254.34
C-11385,Mary Wilson,Female,41,35,5,10,5,37,Married,Laptop & Accessory,5,1152.97,2026-07-02,12,112.94,0,0,32.94
C-11386,Charles Davis,Male,50,11,1,7,5,48,Divorced,Laptop & Accessory,2,303.8,2025-10-17,270,39.88,0,1,27.62
C-11387,Mary Smith,Female,35,44,1,4,2,12,Married,Fashion,13,3615.72,2026-07-03,11,264.43,0,0,82.18
C-11388,William Rodriguez,Male,45,1,1,8,4,23,Single,Mobile Phone,18,5079.21,2026-06-08,36,717.07,0,1,500.0
C-11389,David Williams,Male,69,1,3,3,4,34,Married,Laptop & Accessory,12,3056.86,2026-02-25,139,419.97,0,1,500.0
C-11390,Jennifer Davis,Female,49,14,1,1,1,38,Married,Grocery,14,3448.2,2026-07-10,4,162.26,1,0,246.3
C-11391,Barbara Rodriguez,Female,29,22,4,5,1,23,Married,Others,5,888.37,2026-07-12,2,47.67,0,0,40.38
C-11392,Barbara Jones,Female,65,28,1,2,6,25,Married,Mobile Phone,10,941.23,2026-01-14,181,40.9,0,0,33.62
C-11393,Karen Davis,Female,59,16,5,3,3,4,Single,Laptop & Accessory,20,2166.5,2026-06-13,31,98.55,0,0,135.41
C-11394,James Davis,Male,44,31,2,6,1,30,Divorced,Fashion,2,633.41,2026-06-17,27,87.42,1,1,20.43
C-11395,Jennifer Rodriguez,Female,27,6,5,3,4,30,Married,Others,4,1216.2,2026-06-24,20,171.54,0,0,202.7
C-11396,David Rodriguez,Male,63,29,3,3,3,13,Married,Laptop & Accessory,12,3058.56,2026-04-27,78,81.81,0,1,105.47
C-11397,William Davis,Male,69,27,1,6,1,42,Single,Fashion,11,3097.78,2026-02-19,145,301.01,1,1,114.73
C-11398,Linda Davis,Female,59,13,1,5,2,49,Single,Laptop & Accessory,4,607.29,2026-04-16,89,56.69,0,1,46.71
C-11399,James Davis,Male,49,43,4,10,5,14,Single,Others,11,2860.51,2026-07-03,11,202.44,0,1,66.52
C-11400,Joseph Jones,Male,59,29,1,9,1,47,Married,Grocery,9,2680.49,2026-06-22,22,273.73,0,1,92.43
C-11401,John Jones,Male,43,16,5,1,1,8,Divorced,Grocery,10,1858.53,2026-07-03,11,266.06,1,0,116.16
C-11402,David Johnson,Male,42,31,3,3,2,24,Single,Fashion,6,1254.84,2026-07-13,1,52.87,0,1,40.48
C-11403,Barbara Miller,Female,28,45,2,3,4,18,Single,Grocery,15,3897.77,2026-06-27,17,138.97,0,0,86.62
C-11404,Mary Smith,Female,40,5,1,6,6,35,Single,Others,10,1949.78,2026-01-30,165,47.46,0,1,389.96
C-11405,Karen Williams,Female,51,50,2,8,2,25,Divorced,Fashion,6,2289.76,2026-06-25,19,154.1,0,1,45.8
C-11406,Karen Wilson,Female,69,23,1,3,6,17,Married,Laptop & Accessory,1,386.28,2026-06-22,22,24.68,1,0,16.79
C-11407,Robert Brown,Male,57,5,3,3,1,32,Married,Mobile Phone,20,1929.72,2026-06-15,29,146.67,0,1,385.94
C-11408,John Rodriguez,Male,40,26,5,6,4,24,Married,Laptop & Accessory,4,931.94,2026-06-17,27,79.62,0,0,35.84
C-11409,Karen Davis,Female,46,17,3,8,3,7,Single,Others,14,1693.22,2026-03-01,135,200.68,1,0,99.6
C-11410,Susan Miller,Female,48,23,2,6,1,13,Married,Fashion,20,4036.27,2026-06-04,40,286.47,0,0,175.49
C-11411,Jennifer Miller,Female,24,36,1,10,2,27,Single,Laptop & Accessory,20,1988.98,2025-11-21,235,125.27,0,0,55.25
C-11412,Joseph Garcia,Male,57,55,2,3,3,48,Divorced,Fashion,8,2849.95,2026-06-16,28,363.35,0,0,51.82
C-11413,Sarah Smith,Female,50,23,5,4,5,5,Divorced,Grocery,11,3144.51,2026-07-05,9,410.28,0,0,136.72
C-11414,Mary Williams,Female,38,37,3,1,3,36,Married,Mobile Phone,15,1703.37,2025-10-02,285,85.61,0,1,46.04
C-11415,Jennifer Wilson,Female,19,33,2,8,2,26,Single,Others,19,2098.87,2026-06-25,19,127.84,0,1,63.6
C-11416,Joseph Wilson,Male,35,39,2,4,3,42,Single,Laptop & Accessory,8,1814.88,2025-07-18,361,230.97,0,1,46.54
C-11417,James Johnson,Male,64,46,5,6,2,45,Married,Mobile Phone,13,3621.86,2026-06-30,14,109.83,0,1,78.74
C-11418,John Williams,Male,50,14,1,3,1,31,Divorced,Others,18,2025.86,2026-06-22,22,126.33,0,0,144.7
C-11419,David Smith,Male,54,10,2,6,4,10,Divorced,Others,17,1209.13,2026-04-29,76,94.66,0,1,120.91
C-11420,John Smith,Male,51,21,5,9,5,46,Divorced,Grocery,6,1328.3,2026-02-18,146,58.87,0,0,63.25
C-11421,William Davis,Male,37,53,1,9,4,26,Divorced,Fashion,15,3873.49,2026-06-17,27,168.07,0,0,73.08
C-11422,Joseph Wilson,Male,52,23,1,10,4,22,Divorced,Fashion,13,1674.19,2026-07-04,10,125.95,0,1,72.79
C-11423,James Davis,Male,68,0,3,3,4,12,Married,Mobile Phone,18,4228.96,2026-06-30,14,499.39,1,0,500.0
C-11424,Elizabeth Wilson,Female,67,17,5,3,2,32,Married,Grocery,11,3334.27,2026-04-23,82,430.89,1,1,196.13
C-11425,Mary Williams,Female,35,43,1,4,2,27,Married,Others,13,1525.49,2026-07-13,1,224.71,0,0,35.48
C-11426,Richard Wilson,Male,63,11,3,7,5,33,Divorced,Grocery,1,287.76,2026-05-06,69,8.52,1,0,26.16
C-11427,James Davis,Male,41,56,4,3,2,20,Divorced,Grocery,18,1715.79,2026-07-06,8,82.65,1,0,30.64
C-11428,Elizabeth Smith,Female,25,42,5,10,6,39,Married,Mobile Phone,5,928.33,2026-05-20,55,109.88,0,0,22.1
C-11429,James Smith,Male,47,27,4,8,2,41,Married,Fashion,6,704.73,2025-12-30,196,63.62,0,1,26.1
C-11430,Thomas Williams,Male,61,39,1,8,2,40,Divorced,Grocery,1,541.0,2026-06-16,28,33.87,1,0,13.87
C-11431,William Wilson,Male,70,59,5,6,2,13,Single,Grocery,7,2376.46,2026-01-26,169,111.04,0,0,40.28
C-11432,Sarah Miller,Female,27,6,3,4,1,14,Married,Grocery,4,837.13,2026-06-21,23,47.27,0,0,139.52
C-11433,Sarah Garcia,Female,40,22,1,5,5,44,Divorced,Laptop & Accessory,9,1170.82,2026-04-22,83,88.76,0,0,53.22
C-11434,Jessica Smith,Female,69,20,5,2,6,40,Divorced,Grocery,15,1100.41,2026-07-12,2,47.35,0,1,55.02
C-11435,Sarah Miller,Female,66,33,5,6,2,22,Married,Grocery,6,1460.1,2026-03-24,112,212.22,0,0,44.25
C-11436,Sarah Williams,Female,28,10,4,3,5,18,Single,Others,17,1514.39,2026-05-20,55,51.47,0,1,151.44
C-11437,Robert Miller,Male,19,21,1,6,3,48,Divorced,Laptop & Accessory,20,2923.67,2026-05-28,47,433.07,0,1,139.22
C-11438,Sarah Davis,Female,43,41,3,5,1,29,Married,Grocery,18,3605.87,2025-07-22,357,466.77,0,1,87.95
C-11439,Robert Williams,Male,53,34,3,2,2,43,Divorced,Grocery,4,1443.73,2026-04-08,97,108.29,1,1,42.46
C-11440,John Rodriguez,Male,50,51,1,5,6,16,Divorced,Mobile Phone,9,1144.1,2026-03-03,133,132.92,0,1,22.43
C-11441,Jennifer Jones,Female,64,28,1,5,1,46,Divorced,Mobile Phone,14,3320.13,2025-12-10,216,356.24,0,1,118.58
C-11442,Sarah Garcia,Female,30,41,2,9,6,35,Divorced,Laptop & Accessory,3,570.56,2026-06-25,19,27.23,0,1,13.92
C-11443,John Williams,Male,57,27,4,8,1,34,Single,Others,1,477.48,2025-07-16,363,30.6,0,1,17.68
C-11444,John Garcia,Male,42,58,1,7,3,3,Married,Laptop & Accessory,11,2646.71,2026-06-24,20,229.49,1,1,45.63
C-11445,David Miller,Male,21,17,1,3,5,4,Married,Laptop & Accessory,1,422.97,2026-06-20,24,43.53,0,1,24.88
C-11446,Sarah Garcia,Female,59,13,2,10,1,5,Married,Mobile Phone,12,2324.99,2025-11-02,254,210.59,0,1,178.85
C-11447,Linda Brown,Female,36,17,2,4,4,10,Married,Mobile Phone,9,1413.39,2026-05-01,74,115.17,0,1,83.14
C-11448,Sarah Smith,Female,35,27,5,6,3,29,Married,Others,5,823.44,2026-07-01,13,63.91,0,0,30.5
C-11449,Patricia Johnson,Female,54,23,3,3,4,32,Single,Grocery,15,1299.69,2026-02-13,151,110.18,0,0,56.51
C-11450,Barbara Brown,Female,47,7,4,9,3,31,Divorced,Others,18,3375.76,2026-07-12,2,258.13,0,0,482.25
C-11451,Charles Williams,Male,36,41,5,8,4,2,Divorced,Grocery,9,2858.72,2026-01-02,193,258.35,0,1,69.72
C-11452,Jennifer Williams,Female,40,53,1,6,4,12,Married,Fashion,13,2852.92,2026-07-02,12,386.39,0,0,53.83
C-11453,David Garcia,Male,33,44,2,4,6,27,Divorced,Mobile Phone,13,3492.08,2026-07-07,7,357.13,1,0,79.37
C-11454,Richard Brown,Male,18,52,3,7,1,5,Divorced,Fashion,13,2139.91,2026-07-05,9,243.82,0,0,41.15
C-11455,Michael Wilson,Male,29,7,5,3,1,37,Divorced,Fashion,10,1690.33,2025-09-18,299,165.1,0,1,241.48
C-11456,Patricia Smith,Female,41,3,3,10,3,27,Married,Mobile Phone,10,1341.51,2026-06-12,32,138.97,1,1,447.17
C-11457,Sarah Johnson,Female,51,26,2,8,5,23,Married,Fashion,7,801.22,2026-02-19,145,76.26,1,1,30.82
C-11458,Jessica Rodriguez,Female,70,35,5,1,6,33,Single,Laptop & Accessory,5,1121.24,2026-03-31,105,26.34,0,0,32.04
C-11459,Michael Garcia,Male,25,4,5,3,1,4,Married,Grocery,20,4861.44,2025-08-22,326,728.96,1,0,500.0
C-11460,Thomas Wilson,Male,35,32,3,5,1,21,Single,Others,7,1361.21,2026-06-30,14,33.17,0,1,42.54
C-11461,Charles Jones,Male,65,48,2,5,6,24,Married,Mobile Phone,20,4730.9,2026-06-29,15,337.64,0,0,98.56
C-11462,Richard Wilson,Male,22,33,1,10,2,44,Divorced,Laptop & Accessory,10,2726.54,2026-05-12,63,91.79,0,0,82.62
C-11463,Michael Smith,Male,43,29,5,2,6,31,Single,Others,10,1596.84,2025-10-26,261,52.06,0,1,55.06
C-11464,Robert Jones,Male,47,7,1,10,1,44,Single,Others,13,3311.92,2026-07-14,0,407.89,0,1,473.13
C-11465,Jennifer Davis,Female,30,38,2,8,5,48,Single,Others,15,2400.97,2026-05-07,68,180.96,0,1,63.18
C-11466,Sarah Miller,Female,36,46,5,5,2,24,Married,Fashion,6,1144.16,2026-04-08,97,142.05,0,1,24.87
C-11467,Karen Smith,Female,46,25,5,7,4,49,Single,Fashion,20,2362.23,2026-07-07,7,131.01,1,1,94.49
C-11468,Susan Williams,Female,20,56,1,7,6,10,Married,Fashion,12,1759.71,2026-02-22,142,93.86,0,0,31.42
C-11469,William Wilson,Male,43,36,4,5,4,49,Single,Fashion,19,4811.34,2026-07-05,9,253.37,0,0,133.65
C-11470,Michael Wilson,Male,57,33,1,8,2,49,Married,Laptop & Accessory,11,3320.65,2026-07-14,0,332.39,0,1,100.63
C-11471,Elizabeth Jones,Female,29,6,1,9,2,50,Single,Fashion,6,705.97,2025-11-11,245,88.92,0,1,117.66
C-11472,David Wilson,Male,19,39,4,4,2,2,Divorced,Mobile Phone,1,461.31,2026-07-04,10,36.35,0,0,11.83
C-11473,Karen Miller,Female,28,27,2,4,3,31,Divorced,Others,2,526.88,2026-05-22,53,36.51,0,1,19.51
C-11474,Jessica Garcia,Female,61,38,2,8,6,25,Single,Laptop & Accessory,15,3596.93,2026-06-20,24,527.19,0,1,94.66
C-11475,Sarah Garcia,Female,45,38,5,1,5,4,Married,Fashion,4,948.52,2026-03-15,121,33.37,0,1,24.96
C-11476,John Wilson,Male,35,27,3,4,5,11,Married,Others,5,1206.47,2026-07-09,5,100.45,0,0,44.68
C-11477,Mary Wilson,Female,30,13,3,6,4,17,Married,Laptop & Accessory,15,3671.14,2026-06-20,24,268.37,0,0,282.4
C-11478,Patricia Johnson,Female,54,52,5,4,4,44,Divorced,Others,11,2193.32,2026-06-21,23,71.85,0,1,42.18
C-11479,Jennifer Wilson,Female,39,49,3,6,4,2,Divorced,Laptop & Accessory,10,3489.24,2026-03-02,134,191.44,0,0,71.21
C-11480,Richard Johnson,Male,29,37,1,5,6,6,Divorced,Grocery,17,2486.28,2025-10-16,271,58.92,1,1,67.2
C-11481,James Miller,Male,19,3,1,9,1,9,Married,Laptop & Accessory,2,619.12,2026-07-10,4,82.96,0,1,206.37
C-11482,Sarah Williams,Female,54,41,4,10,4,5,Married,Fashion,20,2425.15,2026-06-26,18,240.14,1,1,59.15
C-11483,David Williams,Male,24,17,4,9,2,20,Married,Others,10,947.33,2026-07-01,13,119.32,0,0,55.73
C-11484,James Jones,Male,43,43,5,4,4,29,Single,Others,20,5184.15,2026-03-10,126,455.18,0,1,120.56
C-11485,Charles Brown,Male,43,47,5,4,2,21,Single,Others,3,1146.73,2026-03-16,120,112.31,0,0,24.4
C-11486,Richard Miller,Male,41,24,5,8,3,9,Single,Mobile Phone,19,5043.05,2026-02-08,156,560.34,0,0,210.13
C-11487,Charles Davis,Male,29,6,1,10,1,28,Divorced,Mobile Phone,5,739.49,2025-08-21,327,102.08,1,0,123.25
C-11488,William Brown,Male,33,37,3,4,1,8,Divorced,Fashion,3,1218.11,2025-10-11,276,38.89,1,1,32.92
C-11489,Richard Davis,Male,40,27,5,2,6,31,Married,Grocery,8,908.96,2026-06-16,28,57.29,0,0,33.67
C-11490,David Garcia,Male,57,4,5,2,6,20,Single,Mobile Phone,5,327.85,2026-05-06,69,36.78,0,0,81.96
C-11491,Michael Wilson,Male,26,2,1,1,5,27,Married,Laptop & Accessory,12,1521.69,2026-04-26,79,220.01,1,1,500.0
C-11492,William Brown,Male,49,43,1,5,3,8,Single,Fashion,14,3920.64,2026-07-11,3,578.31,0,1,91.18
C-11493,Mary Garcia,Female,32,30,1,6,6,21,Single,Grocery,7,1827.72,2026-06-15,29,188.17,1,1,60.92
C-11494,Mary Jones,Female,54,46,3,9,2,28,Married,Laptop & Accessory,11,2209.57,2026-07-01,13,99.8,1,0,48.03
C-11495,David Miller,Male,30,41,5,5,3,23,Married,Others,8,1322.51,2026-02-03,161,46.95,0,0,32.26
C-11496,Elizabeth Williams,Female,22,57,2,6,1,6,Single,Mobile Phone,5,894.09,2026-02-28,136,127.84,0,1,15.69
C-11497,Elizabeth Garcia,Female,28,19,2,6,2,3,Single,Laptop & Accessory,8,1265.01,2026-06-10,34,96.66,0,1,66.58
C-11498,John Miller,Male,27,18,5,3,3,5,Divorced,Grocery,12,2160.06,2026-01-13,182,97.91,0,1,120.0
C-11499,Thomas Garcia,Male,69,47,5,4,1,9,Married,Fashion,15,3796.34,2026-02-04,160,536.83,0,0,80.77
C-11500,Joseph Garcia,Male,30,59,5,1,6,7,Married,Laptop & Accessory,19,4608.37,2026-07-05,9,154.79,0,1,78.11
C-11501,Susan Garcia,Female,58,10,5,4,2,4,Married,Fashion,16,4689.38,2025-10-05,282,538.55,0,0,468.94
C-11502,Barbara Johnson,Female,70,39,3,1,2,39,Married,Others,14,1441.39,2026-07-06,8,145.99,1,0,36.96
C-11503,John Garcia,Male,63,2,2,5,1,5,Single,Grocery,7,958.6,2025-11-15,241,30.11,0,0,479.3
C-11504,James Miller,Male,67,22,4,8,2,11,Divorced,Grocery,8,1583.16,2026-06-18,26,101.38,0,0,71.96
C-11505,David Brown,Male,32,6,2,8,6,15,Married,Mobile Phone,7,1583.72,2026-06-15,29,62.54,0,1,263.95
C-11506,Karen Williams,Female,59,22,2,5,6,34,Single,Grocery,18,3349.53,2025-12-31,195,330.21,0,1,152.25
C-11507,Jennifer Smith,Female,24,60,1,10,6,13,Single,Laptop & Accessory,6,2269.14,2026-07-05,9,186.13,0,0,37.82
C-11508,Jennifer Brown,Female,57,6,5,2,1,48,Single,Laptop & Accessory,19,3901.19,2025-09-24,293,80.19,0,0,500.0
C-11509,Elizabeth Williams,Female,45,45,5,6,4,7,Single,Laptop & Accessory,4,689.67,2026-06-22,22,101.27,0,0,15.33
C-11510,David Jones,Male,49,33,5,1,4,40,Single,Others,3,565.24,2026-07-05,9,36.99,0,0,17.13
C-11511,Robert Miller,Male,52,41,1,7,2,6,Married,Grocery,17,4462.36,2026-06-18,26,239.03,1,1,108.84
C-11512,David Garcia,Male,32,18,3,4,6,39,Married,Grocery,19,4529.99,2025-08-11,337,221.6,0,1,251.67
C-11513,John Smith,Male,65,57,3,5,2,50,Divorced,Laptop & Accessory,15,1895.61,2026-07-07,7,77.05,0,0,33.26
C-11514,Linda Davis,Female,53,8,4,6,1,30,Married,Mobile Phone,6,468.36,2026-07-12,2,70.2,1,0,58.54
C-11515,Karen Williams,Female,38,47,3,1,2,22,Single,Mobile Phone,12,2806.15,2026-04-28,77,163.78,1,0,59.71
C-11516,Robert Jones,Male,23,50,3,9,5,25,Divorced,Grocery,19,4469.76,2026-06-07,37,325.03,0,1,89.4
C-11517,William Wilson,Male,18,17,5,10,4,28,Single,Grocery,6,672.95,2026-07-01,13,89.69,0,0,39.59
C-11518,Jennifer Rodriguez,Female,21,40,2,4,2,20,Single,Fashion,11,2252.45,2026-07-02,12,233.01,0,0,56.31
C-11519,Michael Williams,Male,28,47,3,8,2,39,Married,Grocery,20,2999.16,2026-01-26,169,203.73,0,0,63.81
C-11520,Patricia Wilson,Female,61,44,3,5,3,3,Single,Laptop & Accessory,20,6096.53,2026-03-01,135,833.9,0,0,138.56
C-11521,Thomas Brown,Male,43,41,1,8,2,5,Married,Others,10,1458.0,2026-01-03,192,171.26,0,0,35.56
C-11522,Robert Davis,Male,54,24,4,1,5,1,Single,Grocery,16,3973.04,2026-06-18,26,197.17,0,1,165.54
C-11523,Joseph Johnson,Male,40,51,1,8,4,15,Divorced,Grocery,18,3741.6,2026-03-26,110,387.95,0,1,73.36
C-11524,Richard Jones,Male,46,13,5,4,3,26,Single,Laptop & Accessory,14,870.32,2025-09-10,307,121.77,0,0,66.95
C-11525,William Williams,Male,38,43,2,2,1,3,Married,Fashion,4,1147.0,2026-07-04,10,96.97,0,0,26.67
C-11526,William Johnson,Male,65,24,4,6,1,40,Single,Grocery,12,1138.42,2025-07-30,349,131.34,0,1,47.43
C-11527,Michael Miller,Male,62,18,1,2,4,41,Married,Mobile Phone,20,4475.31,2026-03-28,108,654.48,0,1,248.63
C-11528,Mary Wilson,Female,62,38,3,5,1,47,Married,Mobile Phone,8,1911.05,2026-06-17,27,209.75,1,0,50.29
C-11529,Linda Miller,Female,66,54,3,2,5,42,Divorced,Mobile Phone,7,908.25,2026-03-27,109,30.26,0,1,16.82
C-11530,Sarah Johnson,Female,44,14,4,3,2,34,Married,Others,9,1050.56,2026-06-28,16,54.41,0,1,75.04
C-11531,Susan Miller,Female,56,15,3,6,4,5,Divorced,Others,17,4298.96,2026-07-14,0,418.56,0,0,286.6
C-11532,Patricia Garcia,Female,57,26,1,1,3,31,Divorced,Grocery,10,1449.43,2025-10-01,286,80.91,0,1,55.75
C-11533,Richard Jones,Male,30,39,1,6,2,13,Single,Grocery,3,914.46,2026-03-25,111,132.12,0,1,23.45
C-11534,William Davis,Male,40,9,3,3,1,43,Divorced,Grocery,8,1114.0,2026-05-15,60,80.98,0,1,123.78
C-11535,Sarah Rodriguez,Female,33,3,3,7,1,1,Married,Others,14,3955.34,2026-05-16,59,314.21,0,0,500.0
C-11536,Thomas Miller,Male,47,50,5,2,3,22,Married,Grocery,7,1789.01,2026-06-16,28,198.95,0,0,35.78
C-11537,Karen Miller,Female,21,18,2,6,5,15,Divorced,Laptop & Accessory,16,3764.69,2026-05-08,67,331.87,1,0,209.15
C-11538,Jennifer Smith,Female,57,27,4,8,3,26,Single,Fashion,18,1545.64,2026-02-24,140,107.7,0,1,57.25
C-11539,Richard Brown,Male,33,20,1,1,4,18,Divorced,Mobile Phone,11,860.92,2026-06-27,17,25.8,0,0,43.05
C-11540,James Garcia,Male,48,58,4,9,3,48,Divorced,Mobile Phone,6,1268.84,2025-08-21,327,123.76,0,0,21.88
C-11541,David Miller,Male,70,46,5,5,1,9,Married,Laptop & Accessory,20,3005.67,2026-07-10,4,399.11,0,1,65.34
C-11542,Patricia Smith,Female,59,13,1,5,5,1,Single,Grocery,14,3236.88,2026-04-03,102,353.3,0,0,248.99
C-11543,John Brown,Male,42,32,5,5,5,43,Single,Others,13,2819.67,2026-01-26,169,196.23,0,1,88.11
C-11544,Patricia Smith,Female,61,47,5,6,6,9,Single,Grocery,4,1044.58,2026-03-27,109,38.24,0,0,22.23
C-11545,Susan Garcia,Female,29,9,3,2,3,23,Single,Grocery,20,4360.59,2026-07-14,0,549.97,0,0,484.51
C-11546,Barbara Brown,Female,43,18,4,6,4,43,Married,Mobile Phone,20,1997.83,2025-12-11,215,284.55,0,0,110.99
C-11547,David Williams,Male,54,29,4,4,1,45,Single,Mobile Phone,11,1014.6,2026-07-04,10,71.5,0,1,34.99
C-11548,Joseph Wilson,Male,65,21,3,8,2,2,Single,Others,18,4955.27,2026-07-09,5,568.49,0,1,235.97
C-11549,Patricia Jones,Female,50,2,4,9,5,14,Single,Mobile Phone,1,210.99,2026-06-16,28,15.49,0,0,105.5
C-11550,James Miller,Male,45,36,3,9,3,38,Married,Grocery,12,2907.29,2025-12-12,214,247.98,1,1,80.76
C-11551,John Brown,Male,26,40,1,8,6,40,Married,Laptop & Accessory,18,2682.59,2026-07-12,2,345.36,0,1,67.06
C-11552,David Wilson,Male,29,17,5,3,4,18,Single,Others,7,1170.92,2025-10-29,258,36.12,0,0,68.88
C-11553,Jessica Garcia,Female,22,10,5,10,4,16,Married,Laptop & Accessory,12,947.1,2026-06-20,24,84.24,0,0,94.71
C-11554,Barbara Brown,Female,69,47,4,4,1,29,Divorced,Grocery,1,734.25,2025-10-11,276,35.17,0,0,15.62
C-11555,Joseph Garcia,Male,45,1,2,1,5,44,Single,Others,4,802.44,2026-06-30,14,51.5,0,1,500.0
C-11556,Karen Smith,Female,52,11,5,9,1,11,Married,Laptop & Accessory,18,1386.32,2026-06-19,25,143.87,0,0,126.03
C-11557,Michael Brown,Male,22,53,3,5,6,6,Single,Others,15,4296.99,2026-06-17,27,101.15,0,0,81.08
C-11558,Richard Davis,Male,51,5,2,6,2,3,Single,Grocery,3,533.09,2026-07-09,5,51.81,0,0,106.62
C-11559,Joseph Jones,Male,63,42,2,3,2,14,Married,Others,7,2108.93,2026-07-06,8,119.89,1,0,50.21
C-11560,Richard Garcia,Male,51,58,5,10,2,2,Divorced,Grocery,6,898.93,2026-04-17,88,96.22,0,0,15.5
C-11561,Sarah Williams,Female,30,39,5,8,4,32,Single,Others,15,1247.77,2026-07-11,3,47.92,0,0,31.99
C-11562,Jennifer Brown,Female,56,43,5,7,5,31,Divorced,Others,15,1820.44,2026-06-22,22,210.54,0,0,42.34
C-11563,Elizabeth Wilson,Female,59,28,3,1,1,11,Married,Mobile Phone,6,896.37,2026-06-22,22,93.16,0,0,32.01
C-11564,James Davis,Male,62,58,2,10,1,22,Single,Grocery,8,2507.91,2026-07-10,4,366.81,0,1,43.24
C-11565,Thomas Garcia,Male,65,29,4,5,6,3,Married,Fashion,8,2103.39,2026-06-19,25,291.24,0,0,72.53
C-11566,William Brown,Male,31,1,3,10,2,50,Married,Others,1,214.02,2026-02-28,136,12.16,0,0,214.02
C-11567,Susan Jones,Female,28,8,1,9,5,31,Married,Laptop & Accessory,13,3605.79,2026-03-29,107,84.92,0,0,450.72
C-11568,Richard Smith,Male,59,46,5,6,5,33,Married,Mobile Phone,13,1913.23,2026-01-09,186,201.27,0,0,41.59
C-11569,Mary Wilson,Female,55,1,2,8,6,24,Single,Mobile Phone,11,3047.11,2025-07-27,352,299.76,0,1,500.0
C-11570,Jennifer Johnson,Female,21,28,3,10,3,1,Divorced,Others,4,1389.47,2025-10-25,262,32.74,0,0,49.62
C-11571,Patricia Davis,Female,70,32,1,1,5,44,Divorced,Fashion,7,1429.95,2026-07-10,4,51.4,0,0,44.69
C-11572,Karen Johnson,Female,50,9,3,10,5,15,Single,Mobile Phone,12,973.16,2026-04-23,82,93.43,0,0,108.13
C-11573,Linda Johnson,Female,24,33,3,7,1,37,Single,Grocery,13,3341.32,2026-05-14,61,462.9,0,0,101.25
C-11574,Barbara Garcia,Female,58,43,4,3,6,27,Divorced,Others,12,2040.79,2026-04-14,91,281.31,0,0,47.46
C-11575,Charles Brown,Male,25,54,4,9,5,38,Divorced,Others,16,4519.72,2026-07-13,1,179.4,0,0,83.7
C-11576,William Brown,Male,54,7,3,6,5,48,Single,Fashion,6,615.54,2026-01-19,176,43.08,0,0,87.93
C-11577,Jennifer Jones,Female,68,36,1,5,1,27,Married,Grocery,14,2948.3,2026-06-28,16,75.52,0,1,81.9
C-11578,Sarah Garcia,Female,27,53,2,8,5,44,Single,Grocery,19,3893.35,2026-03-26,110,315.38,0,1,73.46
C-11579,Joseph Garcia,Male,60,59,2,8,1,12,Divorced,Fashion,16,1791.26,2026-07-11,3,211.19,1,0,30.36
C-11580,Jessica Davis,Female,32,32,5,3,3,3,Married,Laptop & Accessory,4,883.33,2026-06-20,24,108.38,0,0,27.6
C-11581,Jessica Garcia,Female,55,46,5,2,4,30,Divorced,Grocery,5,815.94,2026-07-04,10,69.25,0,1,17.74
C-11582,Joseph Wilson,Male,32,5,2,2,1,32,Married,Laptop & Accessory,9,1545.67,2026-06-30,14,50.18,0,0,309.13
C-11583,Susan Smith,Female,22,43,3,5,1,23,Divorced,Laptop & Accessory,3,1212.18,2026-04-10,95,84.34,0,0,28.19
C-11584,Linda Brown,Female,46,39,3,10,5,2,Married,Others,10,1565.51,2025-09-06,311,221.01,0,0,40.14
C-11585,Elizabeth Wilson,Female,36,44,4,7,1,7,Single,Others,17,4540.66,2026-04-30,75,226.35,0,0,103.2
C-11586,David Brown,Male,68,18,4,8,6,34,Single,Mobile Phone,19,2001.28,2026-07-02,12,123.21,0,0,111.18
C-11587,John Miller,Male,27,31,5,10,2,32,Married,Others,10,2494.34,2026-04-25,80,292.06,0,1,80.46
C-11588,Joseph Garcia,Male,29,26,2,8,2,39,Married,Grocery,12,3606.61,2026-07-10,4,416.08,0,1,138.72
C-11589,Susan Miller,Female,21,0,3,8,3,32,Single,Grocery,7,916.87,2026-06-27,17,127.07,1,1,500.0
C-11590,Patricia Davis,Female,48,42,2,10,1,43,Single,Laptop & Accessory,18,5371.85,2026-05-09,66,378.48,0,0,127.9
C-11591,William Miller,Male,35,51,1,3,6,43,Married,Grocery,19,3860.75,2026-05-14,61,335.49,0,1,75.7
C-11592,Karen Garcia,Female,33,32,2,2,5,14,Married,Others,15,2258.02,2026-06-19,25,182.36,0,0,70.56
C-11593,Jessica Williams,Female,57,39,1,4,5,3,Single,Others,7,2308.89,2026-04-06,99,324.65,1,1,59.2
C-11594,Susan Smith,Female,53,31,4,1,4,46,Divorced,Others,12,1006.11,2026-06-16,28,120.75,0,1,32.46
C-11595,Mary Davis,Female,42,4,4,3,3,32,Single,Fashion,7,439.03,2025-08-26,322,56.23,0,0,109.76
C-11596,Karen Rodriguez,Female,40,16,5,9,6,43,Married,Grocery,10,2159.57,2025-10-16,271,80.56,1,1,134.97
C-11597,Richard Wilson,Male,29,7,2,7,6,36,Married,Mobile Phone,20,5053.75,2026-07-12,2,621.31,1,1,500.0
C-11598,Elizabeth Garcia,Female,51,56,2,7,5,17,Divorced,Grocery,10,2938.87,2026-06-25,19,224.2,0,1,52.48
C-11599,John Rodriguez,Male,53,41,1,1,4,48,Single,Grocery,5,759.34,2026-06-24,20,17.49,0,0,18.52
C-11600,Barbara Rodriguez,Female,54,33,4,7,5,3,Married,Fashion,18,5506.13,2026-07-06,8,153.13,0,1,166.85
C-11601,John Williams,Male,20,8,1,10,4,10,Single,Grocery,9,2111.89,2026-06-08,36,228.35,0,0,263.99
C-11602,Jessica Smith,Female,26,55,4,7,2,47,Married,Laptop & Accessory,16,5146.45,2026-04-30,75,351.82,0,0,93.57
C-11603,Charles Davis,Male,70,22,1,4,6,40,Divorced,Others,7,1145.92,2026-02-08,156,152.24,0,1,52.09
C-11604,Susan Smith,Female,35,34,4,7,2,18,Single,Others,10,2574.85,2026-07-11,3,297.28,0,1,75.73
C-11605,Thomas Garcia,Male,60,49,1,8,5,3,Single,Fashion,5,1814.92,2025-12-16,210,41.41,0,0,37.04
C-11606,Linda Wilson,Female,52,6,4,3,3,39,Divorced,Others,7,1075.81,2025-12-17,209,117.58,0,0,179.3
C-11607,William Johnson,Male,51,14,1,10,1,10,Married,Laptop & Accessory,5,1596.07,2025-09-11,306,71.83,0,0,114.0
C-11608,Sarah Miller,Female,58,52,2,2,3,9,Married,Fashion,15,2263.72,2026-02-18,146,169.63,0,0,43.53
C-11609,Robert Davis,Male,31,53,5,7,3,46,Single,Mobile Phone,19,2979.16,2026-07-10,4,301.54,0,0,56.21
C-11610,Thomas Williams,Male,21,19,1,5,1,46,Divorced,Others,10,2990.82,2026-07-13,1,399.13,0,1,157.41
C-11611,Patricia Davis,Female,46,49,5,5,6,11,Single,Grocery,8,2829.32,2026-06-19,25,224.34,0,0,57.74
C-11612,Susan Brown,Female,58,24,2,5,2,33,Single,Laptop & Accessory,9,1331.69,2026-07-09,5,166.6,1,1,55.49
C-11613,Thomas Garcia,Male,62,2,2,7,2,36,Married,Laptop & Accessory,11,945.07,2026-07-09,5,115.1,1,0,472.54
C-11614,Mary Smith,Female,67,59,4,9,6,26,Married,Others,2,1069.53,2026-06-19,25,79.03,0,0,18.13
C-11615,William Miller,Male,32,54,5,8,1,27,Married,Mobile Phone,3,1387.25,2026-07-10,4,118.09,0,0,25.69
C-11616,Robert Rodriguez,Male,45,45,3,6,4,38,Married,Grocery,13,3052.32,2026-06-17,27,339.0,0,1,67.83
C-11617,Charles Miller,Male,59,23,4,7,3,22,Married,Mobile Phone,11,2524.93,2026-06-18,26,60.72,0,1,109.78
C-11618,Linda Davis,Female,33,33,5,9,5,26,Divorced,Mobile Phone,10,2737.36,2025-07-25,354,371.75,0,1,82.95
C-11619,Joseph Rodriguez,Male,29,45,1,6,2,22,Single,Others,15,1774.07,2026-01-25,170,213.02,0,1,39.42
C-11620,David Miller,Male,69,21,1,1,6,5,Divorced,Grocery,6,1970.2,2026-07-12,2,103.29,0,0,93.82
C-11621,Jessica Jones,Female,22,10,2,4,5,35,Single,Others,1,241.08,2025-11-24,232,35.57,0,1,24.11
C-11622,Jennifer Williams,Female,51,47,3,8,1,2,Married,Others,14,3368.84,2025-11-03,253,145.94,1,1,71.68
C-11623,Barbara Johnson,Female,59,7,1,7,5,35,Divorced,Laptop & Accessory,18,3078.77,2026-02-19,145,427.43,0,0,439.82
C-11624,Barbara Miller,Female,18,38,5,3,5,9,Single,Others,11,2217.5,2026-06-29,15,137.89,1,0,58.36
C-11625,Joseph Davis,Male,56,42,5,10,3,49,Married,Fashion,8,2225.49,2026-07-01,13,265.3,0,1,52.99
C-11626,Joseph Rodriguez,Male,49,34,1,3,1,18,Married,Grocery,3,1236.0,2026-01-26,169,98.05,0,1,36.35
C-11627,David Williams,Male,43,48,5,3,5,43,Divorced,Laptop & Accessory,14,3486.71,2026-07-03,11,403.55,0,0,72.64
C-11628,Charles Williams,Male,34,45,5,1,2,12,Divorced,Grocery,2,947.03,2026-05-26,49,38.12,0,1,21.05
C-11629,Mary Jones,Female,65,37,2,10,1,3,Divorced,Laptop & Accessory,16,1280.46,2026-06-07,37,70.47,1,1,34.61
C-11630,Michael Rodriguez,Male,44,7,3,1,2,18,Married,Fashion,6,1585.64,2026-05-11,64,52.3,1,1,226.52
C-11631,Thomas Jones,Male,41,53,2,6,6,38,Single,Others,1,654.99,2025-09-07,310,86.77,0,1,12.36
C-11632,Karen Brown,Female,52,36,3,1,6,7,Single,Laptop & Accessory,14,1503.46,2025-07-25,354,87.98,0,0,41.76
C-11633,Richard Miller,Male,63,26,5,5,4,33,Divorced,Laptop & Accessory,10,1043.34,2026-07-04,10,115.06,0,1,40.13
C-11634,Michael Wilson,Male,59,27,3,4,6,6,Single,Laptop & Accessory,6,1589.81,2026-04-24,81,201.32,0,1,58.88
C-11635,John Smith,Male,56,39,5,5,5,18,Married,Fashion,9,3084.64,2026-07-12,2,423.16,0,1,79.09
C-11636,Michael Brown,Male,43,33,5,7,1,45,Single,Grocery,7,1845.84,2026-07-12,2,62.42,0,1,55.93
C-11637,James Miller,Male,66,31,2,6,6,22,Married,Fashion,2,541.17,2025-12-26,200,73.65,1,1,17.46
C-11638,Michael Smith,Male,55,14,2,9,2,39,Divorced,Laptop & Accessory,11,1249.09,2026-06-24,20,57.01,0,0,89.22
C-11639,Mary Smith,Female,40,43,4,6,5,9,Single,Laptop & Accessory,14,2970.85,2025-10-12,275,344.02,0,0,69.09
C-11640,Jessica Wilson,Female,39,16,1,9,6,35,Married,Others,5,491.3,2026-03-25,111,56.38,1,0,30.71
C-11641,Joseph Johnson,Male,21,32,4,4,3,23,Divorced,Fashion,9,1668.49,2026-06-30,14,35.21,0,1,52.14
C-11642,Richard Garcia,Male,66,46,4,1,2,12,Divorced,Fashion,7,1975.91,2025-10-21,266,96.19,0,0,42.95
C-11643,Jessica Wilson,Female,26,45,3,1,2,24,Divorced,Mobile Phone,14,4536.82,2026-07-14,0,380.86,0,0,100.82
C-11644,Richard Jones,Male,21,51,5,10,4,50,Divorced,Grocery,16,3012.61,2026-01-12,183,224.75,0,1,59.07
C-11645,James Rodriguez,Male,24,53,5,7,3,40,Single,Mobile Phone,16,2130.9,2025-08-01,347,297.08,1,0,40.21
C-11646,Richard Johnson,Male,40,15,5,3,4,9,Married,Mobile Phone,7,1930.38,2026-03-12,124,128.88,1,0,128.69
C-11647,Barbara Johnson,Female,19,28,1,2,6,13,Single,Grocery,10,2640.5,2026-02-07,157,374.44,0,0,94.3
C-11648,James Davis,Male,66,8,3,6,3,40,Married,Others,6,1669.56,2026-04-21,84,133.11,0,1,208.7
C-11649,Patricia Johnson,Female,41,32,3,6,2,42,Divorced,Others,17,2082.55,2026-07-08,6,302.73,0,1,65.08
C-11650,William Jones,Male,57,59,5,7,4,17,Single,Grocery,1,741.21,2026-07-10,4,85.87,0,0,12.56
C-11651,Susan Smith,Female,48,48,4,5,5,7,Divorced,Grocery,2,1070.78,2026-06-20,24,136.86,1,0,22.31
C-11652,Jessica Williams,Female,64,28,1,8,3,17,Married,Fashion,14,1533.15,2025-07-26,353,51.57,1,0,54.76
C-11653,Michael Rodriguez,Male,48,12,4,7,2,50,Divorced,Fashion,4,991.45,2026-06-11,33,95.38,0,1,82.62
C-11654,Linda Wilson,Female,64,20,2,2,1,24,Single,Fashion,9,1183.67,2026-04-29,76,45.63,0,1,59.18
C-11655,William Davis,Male,57,57,3,1,3,2,Single,Fashion,6,1620.24,2026-06-26,18,95.09,0,0,28.43
C-11656,Linda Smith,Female,65,20,3,9,3,35,Married,Laptop & Accessory,17,4452.17,2026-03-29,107,449.95,0,0,222.61
C-11657,Thomas Brown,Male,68,4,4,5,6,28,Married,Laptop & Accessory,11,1933.61,2026-05-06,69,221.22,0,1,483.4
C-11658,Thomas Miller,Male,60,9,1,5,5,19,Single,Others,4,1095.48,2026-06-18,26,27.49,1,0,121.72
C-11659,Mary Williams,Female,51,5,3,10,6,33,Single,Laptop & Accessory,9,1459.25,2026-02-17,147,129.91,0,0,291.85
C-11660,John Rodriguez,Male,41,55,4,4,3,21,Single,Laptop & Accessory,16,5347.41,2026-07-14,0,499.93,1,1,97.23
C-11661,James Rodriguez,Male,66,50,1,2,3,10,Single,Fashion,3,976.87,2026-05-06,69,29.55,0,1,19.54
C-11662,Sarah Garcia,Female,43,56,4,5,5,46,Married,Fashion,4,909.38,2026-06-24,20,77.38,0,1,16.24
C-11663,Joseph Smith,Male,33,12,1,2,5,45,Single,Grocery,3,571.4,2026-06-18,26,64.45,0,1,47.62
C-11664,Joseph Wilson,Male,64,0,5,7,4,9,Married,Fashion,13,3063.43,2026-06-24,20,82.47,1,0,500.0
C-11665,Jennifer Davis,Female,30,19,1,9,2,38,Single,Grocery,19,5167.7,2026-05-09,66,614.1,0,0,271.98
C-11666,Mary Smith,Female,32,56,2,9,2,6,Single,Grocery,1,725.03,2026-07-03,11,68.83,0,0,12.95
C-11667,Charles Jones,Male,44,46,5,6,4,42,Divorced,Laptop & Accessory,6,1651.72,2025-10-28,259,211.95,0,0,35.91
C-11668,William Garcia,Male,21,45,4,1,2,35,Divorced,Fashion,3,1233.67,2026-03-05,131,59.65,0,0,27.41
C-11669,Susan Garcia,Female,33,7,5,6,3,18,Single,Laptop & Accessory,3,830.16,2026-03-12,124,106.53,1,1,118.59
C-11670,Barbara Miller,Female,47,9,5,5,4,19,Married,Fashion,16,3520.9,2026-01-23,172,113.7,0,0,391.21
C-11671,John Miller,Male,61,8,4,4,4,5,Single,Laptop & Accessory,10,2617.57,2026-03-25,111,189.77,1,0,327.2
C-11672,Elizabeth Williams,Female,47,48,4,6,2,25,Divorced,Laptop & Accessory,17,3777.62,2026-05-04,71,173.52,0,0,78.7
C-11673,David Garcia,Male,53,40,2,6,1,11,Single,Laptop & Accessory,7,758.13,2026-03-18,118,101.5,0,1,18.95
C-11674,Thomas Smith,Male,20,2,4,6,2,10,Divorced,Others,13,804.12,2026-06-17,27,89.77,0,0,402.06
C-11675,Robert Williams,Male,39,10,3,2,6,17,Single,Laptop & Accessory,11,3344.47,2026-06-22,22,77.92,1,1,334.45
C-11676,Joseph Smith,Male,66,11,3,7,1,36,Single,Mobile Phone,10,972.48,2026-03-14,122,20.65,0,0,88.41
C-11677,William Williams,Male,39,9,2,4,4,26,Married,Mobile Phone,7,1147.9,2026-02-08,156,66.42,0,1,127.54
C-11678,Patricia Garcia,Female,67,24,1,9,1,31,Divorced,Mobile Phone,6,1940.72,2026-06-30,14,74.96,0,1,80.86
C-11679,Jennifer Davis,Female,67,48,1,10,3,32,Divorced,Grocery,1,578.76,2025-08-15,333,59.0,0,0,12.06
C-11680,Mary Miller,Female,66,48,3,2,5,21,Divorced,Laptop & Accessory,17,4916.11,2026-07-02,12,522.55,0,0,102.42
C-11681,Jennifer Garcia,Female,29,24,4,5,1,18,Married,Mobile Phone,12,3294.8,2026-07-01,13,469.36,0,0,137.28
C-11682,David Johnson,Male,38,10,2,4,6,18,Single,Grocery,4,1286.33,2025-09-04,313,184.93,1,0,128.63
C-11683,David Davis,Male,21,53,1,9,5,1,Married,Mobile Phone,3,891.26,2026-07-03,11,94.17,0,1,16.82
C-11684,William Williams,Male,48,35,1,4,3,14,Single,Fashion,6,1122.99,2026-07-03,11,23.29,0,0,32.09
C-11685,Michael Brown,Male,61,38,5,8,6,8,Married,Others,16,4791.51,2025-11-04,252,319.45,1,0,126.09
C-11686,Barbara Wilson,Female,48,52,3,8,5,2,Married,Laptop & Accessory,13,1930.76,2026-03-25,111,167.41,0,0,37.13
C-11687,James Brown,Male,40,25,4,6,3,15,Divorced,Others,9,1932.78,2025-11-17,239,164.08,0,1,77.31
C-11688,Charles Brown,Male,70,13,2,6,5,34,Married,Others,11,2625.2,2026-02-16,148,258.41,1,1,201.94
C-11689,Karen Smith,Female,37,38,1,8,5,36,Single,Fashion,20,2739.42,2026-07-07,7,396.86,1,0,72.09
C-11690,Sarah Brown,Female,32,55,5,10,2,1,Married,Fashion,13,4249.84,2026-07-03,11,574.05,0,0,77.27
C-11691,Susan Williams,Female,40,39,3,9,6,21,Married,Fashion,19,4502.06,2026-06-22,22,153.78,0,0,115.44
C-11692,Karen Williams,Female,45,0,3,5,6,42,Single,Grocery,3,185.35,2026-06-20,24,10.12,0,0,185.35
C-11693,Joseph Garcia,Male,33,55,2,1,1,1,Divorced,Mobile Phone,12,1557.21,2026-07-11,3,199.8,1,0,28.31
C-11694,James Wilson,Male,54,53,1,1,6,32,Single,Laptop & Accessory,19,2386.21,2026-03-25,111,303.43,0,0,45.02
C-11695,Patricia Garcia,Female,38,3,2,2,6,20,Single,Fashion,8,919.91,2026-06-21,23,51.33,0,0,306.64
C-11696,James Garcia,Male,32,60,2,10,5,47,Single,Laptop & Accessory,14,3857.37,2026-06-17,27,443.51,0,0,64.29
C-11697,Joseph Johnson,Male,34,29,5,10,4,36,Married,Laptop & Accessory,9,940.1,2026-07-06,8,100.93,0,0,32.42
C-11698,Michael Miller,Male,67,11,3,5,2,39,Married,Laptop & Accessory,17,2450.03,2026-06-24,20,199.82,0,0,222.73
C-11699,Sarah Garcia,Female,54,55,4,4,1,30,Single,Fashion,6,2217.07,2026-07-07,7,102.4,0,0,40.31
C-11700,Joseph Davis,Male,30,34,3,1,2,7,Single,Fashion,4,1096.67,2026-01-10,185,148.62,0,0,32.26
C-11701,Sarah Johnson,Female,36,12,3,4,1,22,Divorced,Mobile Phone,4,585.5,2025-10-23,264,63.3,1,0,48.79
C-11702,Robert Wilson,Male,47,51,5,4,3,50,Married,Fashion,19,6006.02,2026-07-12,2,252.07,0,0,117.77
C-11703,Joseph Miller,Male,62,30,4,10,5,45,Married,Fashion,12,1632.95,2026-06-20,24,182.28,0,0,54.43
C-11704,Charles Rodriguez,Male,35,37,1,4,6,10,Married,Laptop & Accessory,2,922.55,2026-04-28,77,107.37,1,0,24.93
C-11705,Karen Brown,Female,31,42,4,1,6,8,Married,Mobile Phone,17,4354.52,2026-06-26,18,589.14,0,1,103.68
C-11706,Joseph Wilson,Male,53,22,1,9,4,27,Single,Others,15,3746.95,2025-09-21,296,183.48,0,0,170.32
C-11707,Jennifer Williams,Female,53,3,4,3,2,10,Single,Fashion,10,2442.35,2026-06-26,18,362.78,1,1,500.0
C-11708,Jessica Jones,Female,37,51,2,4,2,14,Divorced,Fashion,3,1039.93,2026-02-22,142,41.54,0,0,20.39
C-11709,Jennifer Wilson,Female,69,15,4,5,2,46,Married,Others,20,5222.89,2026-06-24,20,512.31,1,1,348.19
C-11710,James Williams,Male,36,6,5,7,6,11,Married,Laptop & Accessory,4,1096.19,2026-05-26,49,115.57,0,1,182.7
C-11711,Thomas Jones,Male,62,21,1,6,2,6,Single,Mobile Phone,1,350.12,2026-03-17,119,26.07,0,1,16.67
C-11712,Charles Johnson,Male,61,28,3,5,5,21,Divorced,Laptop & Accessory,1,430.09,2026-07-06,8,35.16,0,1,15.36
C-11713,Richard Johnson,Male,24,10,5,8,1,33,Single,Grocery,18,4999.41,2026-07-07,7,679.01,0,0,499.94
C-11714,Linda Davis,Female,61,55,1,1,6,19,Married,Fashion,4,1274.73,2025-07-20,359,132.43,1,1,23.18
C-11715,Linda Davis,Female,70,32,1,7,5,39,Married,Grocery,15,4321.04,2026-07-02,12,365.6,0,0,135.03
C-11716,Susan Smith,Female,21,57,3,6,3,24,Divorced,Fashion,10,2636.92,2026-06-29,15,96.74,0,0,46.26
C-11717,David Rodriguez,Male,51,28,2,5,5,18,Single,Grocery,17,3652.66,2026-04-12,93,76.54,0,0,130.45
C-11718,Patricia Williams,Female,19,58,5,7,5,35,Married,Others,12,1272.94,2026-05-19,56,46.14,0,0,21.95
C-11719,Charles Jones,Male,22,38,3,3,3,43,Married,Fashion,20,2769.47,2026-05-09,66,399.65,0,0,72.88
C-11720,Sarah Brown,Female,27,11,3,1,5,37,Divorced,Fashion,12,2216.17,2026-04-09,96,264.46,0,0,201.47
C-11721,James Brown,Male,49,6,2,9,1,19,Married,Grocery,16,3209.27,2026-06-18,26,467.67,1,0,500.0
C-11722,David Jones,Male,59,58,5,2,6,24,Married,Mobile Phone,5,1618.04,2026-07-03,11,39.87,0,0,27.9
C-11723,Mary Brown,Female,58,54,3,10,4,34,Single,Grocery,16,4204.89,2026-07-05,9,455.93,0,1,77.87
C-11724,Barbara Wilson,Female,30,38,2,3,3,22,Divorced,Fashion,17,4018.99,2026-06-25,19,103.52,0,0,105.76
C-11725,Karen Brown,Female,56,41,5,8,6,4,Divorced,Fashion,15,4342.16,2026-01-11,184,528.3,1,0,105.91
C-11726,Sarah Jones,Female,22,47,4,10,2,10,Divorced,Mobile Phone,13,2080.28,2026-06-27,17,144.63,0,0,44.26
C-11727,Joseph Rodriguez,Male,27,25,1,9,1,2,Single,Laptop & Accessory,8,1933.14,2026-04-18,87,62.73,0,1,77.33
C-11728,Karen Jones,Female,27,39,2,3,4,8,Divorced,Mobile Phone,2,515.58,2026-06-18,26,48.39,0,0,13.22
C-11729,Barbara Smith,Female,55,8,1,6,1,33,Married,Laptop & Accessory,8,1440.38,2025-12-10,216,81.26,0,1,180.05
C-11730,Susan Brown,Female,44,40,4,7,1,38,Divorced,Fashion,10,1570.08,2026-05-30,45,166.03,0,0,39.25
C-11731,John Jones,Male,68,33,3,1,2,43,Married,Others,7,1346.55,2026-06-30,14,142.15,0,0,40.8
C-11732,Robert Miller,Male,38,44,3,7,4,28,Divorced,Others,10,1826.66,2026-04-24,81,203.95,0,1,41.52
C-11733,Jessica Davis,Female,25,12,5,4,1,10,Divorced,Grocery,4,380.43,2025-09-17,300,56.69,0,1,31.7
C-11734,Robert Garcia,Male,18,54,2,5,2,45,Single,Mobile Phone,11,2373.28,2026-06-29,15,166.77,0,1,43.95
C-11735,Patricia Wilson,Female,45,54,2,8,3,1,Divorced,Mobile Phone,9,3227.92,2025-11-19,237,259.82,0,0,59.78
C-11736,Thomas Brown,Male,66,35,5,4,2,34,Divorced,Others,4,848.94,2026-02-13,151,105.78,0,1,24.26
C-11737,James Garcia,Male,56,24,1,4,5,3,Single,Laptop & Accessory,3,942.11,2026-03-08,128,89.68,0,0,39.25
C-11738,Richard Jones,Male,31,23,3,8,6,9,Married,Mobile Phone,11,2286.42,2026-06-19,25,56.8,0,0,99.41
C-11739,Charles Jones,Male,38,43,3,5,2,5,Divorced,Laptop & Accessory,3,823.92,2026-04-11,94,106.78,0,0,19.16
C-11740,Susan Jones,Female,47,16,2,6,2,42,Divorced,Laptop & Accessory,18,1463.23,2026-05-09,66,39.06,0,0,91.45
C-11741,Jessica Miller,Female,38,1,2,5,2,10,Married,Laptop & Accessory,19,1985.33,2026-06-24,20,83.79,0,1,500.0
C-11742,Elizabeth Rodriguez,Female,66,12,5,1,1,12,Single,Laptop & Accessory,14,3556.49,2026-06-18,26,118.33,0,0,296.37
C-11743,John Smith,Male,26,30,4,7,4,18,Divorced,Grocery,11,1617.31,2025-09-24,293,48.73,0,1,53.91
C-11744,Jessica Williams,Female,34,28,1,6,2,21,Single,Grocery,2,452.15,2025-12-20,206,10.55,1,1,16.15
C-11745,Susan Wilson,Female,22,49,4,2,2,21,Married,Others,2,755.65,2026-04-28,77,20.52,1,0,15.42
C-11746,Jessica Miller,Female,48,27,4,7,5,1,Married,Grocery,2,662.02,2026-06-22,22,51.32,1,1,24.52
C-11747,Charles Rodriguez,Male,69,59,2,6,5,3,Single,Mobile Phone,10,2848.66,2025-12-30,196,150.61,0,1,48.28
C-11748,Richard Wilson,Male,57,26,2,5,3,5,Married,Grocery,15,2462.62,2026-02-03,161,89.76,0,1,94.72
C-11749,William Garcia,Male,55,14,2,8,3,25,Married,Mobile Phone,12,2234.44,2026-06-28,16,236.03,1,1,159.6
C-11750,Patricia Davis,Female,60,30,4,5,5,49,Divorced,Mobile Phone,11,2101.02,2026-06-30,14,103.78,0,0,70.03
C-11751,Linda Rodriguez,Female,36,39,1,2,4,8,Single,Laptop & Accessory,17,1278.26,2026-07-14,0,28.71,0,1,32.78
C-11752,Mary Davis,Female,53,14,2,6,3,17,Divorced,Others,18,2820.2,2025-11-27,229,209.81,0,1,201.44
C-11753,David Garcia,Male,67,32,3,1,6,9,Single,Laptop & Accessory,14,3075.62,2025-10-02,285,185.63,0,0,96.11
C-11754,William Smith,Male,50,19,1,5,6,32,Divorced,Laptop & Accessory,17,3462.27,2026-02-28,136,212.65,1,1,182.22
C-11755,Mary Rodriguez,Female,30,41,3,6,4,6,Married,Grocery,15,3971.63,2026-07-12,2,309.33,0,0,96.87
C-11756,Charles Miller,Male,31,11,1,7,5,49,Single,Grocery,12,2721.13,2025-09-16,301,291.05,0,0,247.38
C-11757,Charles Jones,Male,50,36,2,2,3,40,Single,Mobile Phone,16,2267.23,2026-06-30,14,227.05,1,0,62.98
C-11758,James Miller,Male,46,8,5,1,2,21,Single,Grocery,6,763.47,2026-04-26,79,108.29,0,0,95.43
C-11759,David Williams,Male,60,22,2,6,5,7,Single,Grocery,2,552.07,2026-07-02,12,48.2,0,1,25.09
C-11760,Jessica Smith,Female,66,7,4,3,3,7,Married,Fashion,2,536.48,2026-03-16,120,43.69,0,0,76.64
C-11761,James Miller,Male,53,31,4,5,4,47,Married,Mobile Phone,16,1485.31,2026-06-17,27,70.91,0,0,47.91
C-11762,Charles Smith,Male,61,47,1,2,6,39,Married,Mobile Phone,2,1044.16,2026-06-27,17,123.42,0,1,22.22
C-11763,David Smith,Male,27,13,4,1,4,27,Divorced,Fashion,8,1616.31,2026-06-29,15,61.91,0,0,124.33
C-11764,David Williams,Male,48,26,2,1,3,8,Married,Mobile Phone,7,1146.21,2026-06-03,41,96.11,1,0,44.08
C-11765,Jessica Miller,Female,23,24,3,4,4,9,Divorced,Others,1,463.35,2026-07-08,6,34.65,0,1,19.31
C-11766,Mary Jones,Female,18,12,2,10,3,28,Divorced,Others,4,364.73,2026-03-18,118,38.51,0,1,30.39
C-11767,Joseph Williams,Male,24,54,1,2,3,15,Married,Fashion,11,2422.09,2026-06-19,25,337.37,0,0,44.85
C-11768,David Jones,Male,44,20,4,1,4,2,Married,Grocery,20,3629.85,2026-02-12,152,519.28,0,0,181.49
C-11769,David Wilson,Male,38,44,3,6,1,7,Married,Others,7,1073.46,2026-05-11,64,44.89,0,0,24.4
C-11770,James Davis,Male,45,30,5,4,2,47,Divorced,Fashion,18,4968.25,2025-12-15,211,268.47,1,1,165.61
C-11771,Thomas Johnson,Male,33,36,3,10,5,18,Single,Others,4,1356.81,2026-03-12,124,170.3,0,1,37.69
C-11772,Charles Jones,Male,63,47,3,7,6,22,Married,Laptop & Accessory,17,1969.11,2026-07-05,9,172.05,0,0,41.9
C-11773,Karen Brown,Female,40,57,2,6,2,50,Divorced,Fashion,11,2120.53,2026-06-21,23,167.3,0,1,37.2
C-11774,David Miller,Male,69,42,5,5,5,10,Divorced,Mobile Phone,11,1246.18,2026-06-25,19,140.05,0,0,29.67
C-11775,Patricia Johnson,Female,37,53,1,10,5,50,Married,Others,20,5773.04,2026-06-23,21,567.2,0,0,108.93
C-11776,Linda Smith,Female,55,4,1,2,6,33,Divorced,Mobile Phone,11,1479.13,2026-06-26,18,216.24,0,1,369.78
C-11777,Thomas Davis,Male,42,12,3,5,2,7,Married,Fashion,15,2517.44,2026-06-17,27,241.46,0,0,209.79
C-11778,Susan Williams,Female,45,27,3,9,6,3,Divorced,Others,14,2103.55,2026-06-20,24,169.5,0,0,77.91
C-11779,Jennifer Smith,Female,22,42,4,9,3,14,Single,Mobile Phone,17,2587.61,2026-02-10,154,234.35,0,1,61.61
C-11780,Jennifer Williams,Female,38,24,5,2,6,44,Divorced,Grocery,2,713.65,2026-03-25,111,89.28,0,0,29.74
C-11781,Linda Brown,Female,35,50,3,7,4,46,Married,Grocery,18,4764.05,2026-06-21,23,474.73,0,1,95.28
C-11782,Jennifer Wilson,Female,64,34,4,10,1,36,Single,Laptop & Accessory,16,3211.15,2025-08-10,338,334.33,0,1,94.45
C-11783,Jessica Garcia,Female,23,46,5,4,1,13,Married,Fashion,12,3032.85,2025-12-09,217,443.67,0,1,65.93
C-11784,James Davis,Male,46,38,1,3,1,16,Divorced,Mobile Phone,10,2159.16,2026-06-29,15,216.76,1,0,56.82
C-11785,Patricia Smith,Female,36,6,4,1,2,16,Single,Laptop & Accessory,16,974.36,2025-08-23,325,67.66,0,0,162.39
C-11786,Jennifer Brown,Female,50,37,5,3,2,5,Single,Fashion,3,569.5,2026-06-17,27,62.57,0,0,15.39
C-11787,Barbara Wilson,Female,18,31,4,9,3,25,Divorced,Grocery,8,1477.48,2026-06-15,29,156.21,0,0,47.66
C-11788,William Brown,Male,62,2,3,9,1,38,Single,Mobile Phone,2,494.87,2025-08-31,317,10.79,0,1,247.44
C-11789,Jessica Brown,Female,20,44,2,7,3,38,Single,Others,1,718.31,2026-02-02,162,58.01,0,0,16.33
C-11790,Charles Johnson,Male,59,38,1,3,1,50,Single,Grocery,14,1183.98,2026-07-06,8,138.03,1,1,31.16
C-11791,Jennifer Miller,Female,38,36,3,3,2,38,Married,Others,4,928.03,2026-07-13,1,78.77,0,0,25.78
C-11792,Joseph Garcia,Male,52,54,3,4,4,39,Married,Others,4,963.78,2026-03-17,119,116.96,0,1,17.85
C-11793,Thomas Davis,Male,58,49,5,7,4,48,Single,Mobile Phone,9,2774.21,2026-02-09,155,218.09,0,0,56.62
C-11794,Patricia Garcia,Female,57,21,4,7,4,41,Divorced,Mobile Phone,3,994.48,2025-10-23,264,147.02,0,0,47.36
C-11795,Susan Garcia,Female,20,7,1,2,6,26,Divorced,Others,5,578.01,2026-06-25,19,33.57,0,1,82.57
C-11796,Robert Davis,Male,42,16,3,5,4,13,Married,Laptop & Accessory,1,387.71,2026-03-22,114,12.4,0,0,24.23
C-11797,Karen Rodriguez,Female,62,51,5,7,5,44,Divorced,Others,19,4935.84,2026-06-27,17,374.64,0,0,96.78
C-11798,Robert Wilson,Male,55,26,1,7,1,26,Single,Others,1,354.26,2026-06-30,14,32.03,0,0,13.63
C-11799,David Johnson,Male,62,32,4,6,4,1,Divorced,Mobile Phone,10,1904.24,2026-06-18,26,124.5,1,0,59.51
C-11800,John Jones,Male,37,45,3,10,5,8,Married,Fashion,12,2911.01,2025-12-05,221,149.91,0,0,64.69
C-11801,William Davis,Male,69,16,3,10,5,4,Married,Grocery,10,725.17,2026-05-20,55,77.86,0,0,45.32
C-11802,John Davis,Male,61,41,3,8,5,21,Single,Mobile Phone,2,712.3,2026-02-26,138,49.17,0,1,17.37
C-11803,Elizabeth Miller,Female,62,11,1,3,3,22,Married,Laptop & Accessory,16,1529.83,2026-07-01,13,156.16,0,1,139.08
C-11804,Joseph Wilson,Male,51,47,1,1,3,37,Married,Grocery,8,1953.79,2026-07-02,12,236.95,0,1,41.57
C-11805,Michael Davis,Male,38,45,1,3,5,49,Married,Mobile Phone,14,4100.21,2026-06-20,24,487.64,0,0,91.12
C-11806,Barbara Wilson,Female,65,26,1,2,6,3,Divorced,Mobile Phone,15,2977.83,2026-07-06,8,204.85,0,0,114.53
C-11807,John Garcia,Male,40,47,5,2,4,19,Married,Fashion,16,1413.93,2025-10-31,256,132.66,0,1,30.08
C-11808,Karen Rodriguez,Female,23,7,2,2,1,1,Divorced,Laptop & Accessory,11,701.56,2026-06-22,22,55.04,0,0,100.22
C-11809,Elizabeth Wilson,Female,68,22,5,5,6,29,Married,Laptop & Accessory,12,2636.51,2026-07-06,8,351.2,1,1,119.84
C-11810,Linda Miller,Female,70,59,3,1,2,23,Married,Mobile Phone,2,853.99,2026-04-03,102,114.64,0,0,14.47
C-11811,Joseph Williams,Male,30,41,5,10,3,33,Divorced,Fashion,4,1182.67,2026-06-18,26,76.5,0,1,28.85
C-11812,Charles Smith,Male,66,60,4,4,4,41,Divorced,Mobile Phone,3,872.73,2026-05-07,68,27.86,0,1,14.55
C-11813,Michael Brown,Male,40,48,1,10,4,23,Single,Others,9,2677.94,2026-06-18,26,111.9,0,0,55.79
C-11814,Mary Rodriguez,Female,26,58,4,5,2,5,Single,Others,18,5353.24,2026-03-03,133,362.47,0,0,92.3
C-11815,Robert Jones,Male,34,28,4,2,2,7,Divorced,Fashion,19,5453.82,2025-09-15,302,509.13,0,0,194.78
C-11816,Barbara Garcia,Female,19,49,3,5,4,6,Married,Mobile Phone,7,1372.13,2026-07-03,11,144.6,0,0,28.0
C-11817,David Williams,Male,36,19,1,10,2,49,Single,Fashion,4,1050.74,2026-01-30,165,66.28,1,1,55.3
C-11818,Barbara Smith,Female,36,15,4,4,4,22,Divorced,Mobile Phone,6,868.56,2026-01-01,194,92.74,0,1,57.9
C-11819,Michael Miller,Male,24,16,3,8,6,49,Divorced,Mobile Phone,19,4733.09,2026-03-18,118,671.65,0,0,295.82
C-11820,Richard Wilson,Male,59,15,1,1,2,13,Married,Others,1,230.13,2026-06-12,32,24.11,0,0,15.34
C-11821,Robert Rodriguez,Male,59,18,2,5,6,12,Divorced,Grocery,16,4031.06,2026-06-22,22,163.72,0,0,223.95
C-11822,Susan Smith,Female,37,55,3,10,6,4,Single,Laptop & Accessory,11,2309.25,2025-09-27,290,220.2,1,1,41.99
C-11823,Patricia Smith,Female,26,55,5,1,2,8,Married,Laptop & Accessory,4,1605.55,2026-03-07,129,145.22,0,0,29.19
C-11824,Thomas Rodriguez,Male,34,7,1,10,4,37,Divorced,Fashion,18,4295.19,2026-06-22,22,572.08,0,1,500.0
C-11825,Richard Wilson,Male,44,37,4,10,5,31,Divorced,Laptop & Accessory,5,1090.65,2026-03-02,134,71.48,1,1,29.48
C-11826,Jennifer Jones,Female,64,37,4,4,4,37,Married,Others,6,2025.31,2026-07-14,0,151.86,1,0,54.74
C-11827,Linda Davis,Female,19,52,5,8,1,45,Married,Grocery,2,761.67,2025-09-07,310,74.51,0,0,14.65
C-11828,Sarah Johnson,Female,53,28,5,1,2,26,Married,Mobile Phone,12,3780.97,2026-06-26,18,333.39,1,1,135.03
C-11829,Joseph Rodriguez,Male,36,40,4,2,3,43,Single,Mobile Phone,9,2576.21,2026-06-20,24,292.33,0,0,64.41
C-11830,Karen Wilson,Female,34,35,1,1,2,8,Single,Others,20,6303.37,2026-03-05,131,159.16,0,0,180.1
C-11831,Thomas Wilson,Male,22,25,3,7,1,40,Divorced,Laptop & Accessory,12,1011.71,2025-09-16,301,94.35,0,1,40.47
C-11832,Susan Rodriguez,Female,56,30,5,2,6,33,Divorced,Mobile Phone,13,1840.62,2026-07-09,5,65.93,0,0,61.35
C-11833,Thomas Williams,Male,35,43,5,1,3,45,Married,Laptop & Accessory,17,4430.37,2026-03-25,111,270.15,0,0,103.03
C-11834,Linda Johnson,Female,70,59,5,6,3,29,Divorced,Others,5,1992.81,2026-07-06,8,211.26,1,1,33.78
C-11835,Karen Williams,Female,24,11,2,6,4,5,Divorced,Mobile Phone,20,1253.85,2026-07-11,3,50.74,0,0,113.99
C-11836,Elizabeth Jones,Female,34,54,1,10,5,28,Married,Fashion,13,1190.03,2026-05-20,55,71.58,1,1,22.04
C-11837,Barbara Davis,Female,56,16,1,2,4,40,Single,Grocery,13,1642.79,2026-06-08,36,182.99,0,0,102.67
C-11838,Susan Smith,Female,53,14,1,1,3,17,Single,Laptop & Accessory,10,2771.95,2026-06-09,35,289.96,0,1,198.0
C-11839,John Rodriguez,Male,57,8,1,10,3,23,Single,Laptop & Accessory,15,3706.82,2026-01-23,172,118.01,0,0,463.35
C-11840,Karen Johnson,Female,62,38,1,3,5,45,Divorced,Laptop & Accessory,15,2406.04,2026-03-18,118,228.68,0,0,63.32
C-11841,Barbara Smith,Female,21,41,4,10,2,9,Married,Laptop & Accessory,18,1319.05,2026-07-01,13,51.63,0,1,32.17
C-11842,Jennifer Johnson,Female,55,47,5,5,5,2,Single,Others,18,3866.18,2026-04-06,99,204.12,0,1,82.26
C-11843,Robert Jones,Male,42,11,4,6,6,32,Divorced,Others,2,328.98,2026-01-01,194,26.22,0,0,29.91
C-11844,Karen Miller,Female,22,31,2,3,4,49,Married,Others,11,2910.42,2025-09-23,294,99.58,1,0,93.88
C-11845,Thomas Wilson,Male,47,24,3,9,2,31,Single,Others,13,2340.64,2025-10-29,258,349.16,0,0,97.53
C-11846,Linda Davis,Female,29,38,5,5,4,7,Single,Mobile Phone,11,2796.16,2026-02-15,149,116.04,0,1,73.58
C-11847,Barbara Johnson,Female,21,17,2,2,5,30,Married,Others,4,1222.31,2026-04-18,87,148.6,0,1,71.9
C-11848,Charles Garcia,Male,41,14,4,10,2,3,Divorced,Mobile Phone,15,2899.1,2026-02-14,150,370.73,0,0,207.08
C-11849,Susan Davis,Female,46,31,3,6,5,9,Divorced,Fashion,11,1783.88,2026-06-28,16,266.3,0,0,57.54
C-11850,Joseph Smith,Male,26,5,2,8,6,10,Single,Others,18,4412.95,2026-03-20,116,334.17,0,0,500.0
C-11851,James Garcia,Male,21,57,3,6,1,46,Married,Fashion,16,2430.75,2026-07-04,10,324.83,1,1,42.64
C-11852,Linda Jones,Female,68,43,2,4,3,50,Divorced,Others,10,3158.8,2026-04-12,93,456.38,0,0,73.46
C-11853,Joseph Jones,Male,41,42,4,6,2,47,Married,Fashion,12,1234.28,2025-11-21,235,52.43,0,1,29.39
C-11854,Karen Brown,Female,31,51,3,8,3,26,Married,Grocery,13,3875.27,2026-07-02,12,319.04,1,0,75.99
C-11855,Barbara Jones,Female,22,34,2,8,1,1,Single,Fashion,9,996.0,2025-08-09,339,27.69,1,0,29.29
C-11856,Richard Wilson,Male,35,33,4,10,2,30,Married,Mobile Phone,13,1162.45,2026-06-07,37,117.05,1,1,35.23
C-11857,Richard Brown,Male,59,37,5,2,3,38,Married,Laptop & Accessory,6,1214.89,2026-06-24,20,116.12,0,1,32.83
C-11858,William Williams,Male,36,55,4,8,3,15,Married,Fashion,6,2284.82,2026-05-18,57,106.33,0,1,41.54
C-11859,Michael Brown,Male,29,53,4,6,2,25,Divorced,Laptop & Accessory,11,3784.59,2026-05-23,52,468.26,0,0,71.41
C-11860,Jennifer Wilson,Female,35,56,5,2,3,6,Single,Grocery,19,2469.83,2026-07-05,9,61.36,1,0,44.1
C-11861,Elizabeth Jones,Female,34,4,4,1,3,18,Single,Grocery,11,998.75,2026-07-11,3,124.65,1,1,249.69
C-11862,Richard Brown,Male,47,17,5,6,2,1,Married,Mobile Phone,10,1552.38,2026-06-08,36,36.42,0,0,91.32
C-11863,Linda Rodriguez,Female,41,15,5,7,3,3,Married,Mobile Phone,15,2164.08,2026-01-26,169,228.07,0,1,144.27
C-11864,Barbara Brown,Female,28,7,5,10,3,17,Divorced,Fashion,13,3188.68,2026-07-04,10,96.43,0,1,455.53
C-11865,Patricia Miller,Female,52,24,2,5,4,48,Single,Others,8,1528.0,2026-06-18,26,80.46,0,1,63.67
C-11866,Patricia Jones,Female,40,31,3,10,6,8,Divorced,Grocery,5,1534.85,2026-07-07,7,174.74,0,0,49.51
C-11867,David Brown,Male,34,25,2,8,4,49,Single,Laptop & Accessory,2,724.36,2026-06-30,14,40.89,0,0,28.97
C-11868,Robert Davis,Male,18,51,5,9,1,40,Divorced,Others,16,3623.24,2025-09-13,304,313.24,1,1,71.04
C-11869,Patricia Miller,Female,32,21,3,4,4,17,Married,Grocery,13,3568.91,2026-07-07,7,496.02,0,0,169.95
C-11870,Michael Miller,Male,49,30,3,7,4,25,Divorced,Fashion,19,2179.33,2026-04-02,103,57.65,0,1,72.64
C-11871,Michael Brown,Male,26,42,5,8,1,41,Married,Grocery,9,1234.07,2026-02-15,149,154.8,0,0,29.38
C-11872,Michael Rodriguez,Male,32,9,3,6,3,12,Single,Mobile Phone,15,3654.94,2025-10-07,280,104.11,0,0,406.1
C-11873,Susan Williams,Female,45,55,3,2,3,29,Single,Laptop & Accessory,6,1217.2,2026-03-27,109,44.41,0,0,22.13
C-11874,Jennifer Miller,Female,41,56,2,7,4,25,Married,Laptop & Accessory,8,965.59,2026-05-27,48,34.29,1,1,17.24
C-11875,Barbara Brown,Female,52,11,3,9,1,36,Single,Mobile Phone,14,4001.86,2026-06-15,29,597.21,0,0,363.81
C-11876,Thomas Brown,Male,39,52,5,5,3,25,Divorced,Others,5,1548.67,2026-06-19,25,67.25,0,0,29.78
C-11877,Sarah Brown,Female,44,27,1,2,5,29,Married,Mobile Phone,17,3010.99,2026-06-27,17,411.24,0,1,111.52
C-11878,Patricia Johnson,Female,36,5,1,4,2,11,Single,Laptop & Accessory,7,1670.04,2026-05-27,48,248.54,0,1,334.01
C-11879,William Brown,Male,62,58,1,3,2,4,Divorced,Fashion,9,1780.0,2026-02-18,146,124.41,0,1,30.69
C-11880,Susan Jones,Female,29,19,5,4,6,14,Divorced,Others,16,4804.66,2025-10-13,274,490.25,0,0,252.88
C-11881,Barbara Wilson,Female,37,4,1,10,2,46,Single,Grocery,18,1248.79,2026-04-28,77,151.46,0,1,312.2
C-11882,Michael Johnson,Male,18,22,2,7,4,38,Single,Fashion,13,2953.08,2026-03-12,124,209.8,0,0,134.23
C-11883,Charles Rodriguez,Male,38,8,5,10,2,17,Divorced,Others,18,4477.8,2026-03-30,106,183.75,0,1,500.0
C-11884,Charles Davis,Male,66,57,5,8,2,2,Married,Laptop & Accessory,10,2242.81,2026-06-28,16,171.33,1,1,39.35
C-11885,Linda Williams,Female,62,58,5,1,5,8,Single,Laptop & Accessory,1,818.74,2026-06-19,25,98.53,0,0,14.12
C-11886,Karen Williams,Female,18,28,3,8,3,36,Single,Fashion,18,5351.1,2026-06-20,24,650.15,0,0,191.11
C-11887,Sarah Jones,Female,27,15,3,5,5,10,Married,Others,19,4633.97,2026-03-17,119,231.56,0,1,308.93
C-11888,Robert Jones,Male,64,53,3,7,4,7,Married,Grocery,2,784.68,2026-07-02,12,33.54,0,0,14.81
C-11889,John Brown,Male,49,45,4,1,2,36,Single,Grocery,4,1211.85,2025-10-26,261,169.26,0,1,26.93
C-11890,Karen Johnson,Female,56,21,2,2,3,16,Married,Mobile Phone,11,3266.91,2026-06-20,24,84.02,1,0,155.57
C-11891,Patricia Garcia,Female,39,7,5,1,6,14,Divorced,Fashion,3,556.82,2026-06-12,32,64.32,0,1,79.55
C-11892,James Davis,Male,35,58,5,5,6,16,Divorced,Others,9,2563.82,2026-06-27,17,66.75,0,0,44.2
C-11893,William Garcia,Male,65,19,3,6,2,25,Divorced,Fashion,10,1853.79,2026-07-10,4,239.0,1,1,97.57
C-11894,James Davis,Male,63,50,5,10,2,41,Single,Grocery,2,660.67,2026-06-23,21,90.98,0,0,13.21
C-11895,William Brown,Male,49,13,5,9,6,4,Married,Others,7,582.55,2026-06-15,29,34.17,0,0,44.81
C-11896,Susan Wilson,Female,44,38,1,8,6,29,Divorced,Laptop & Accessory,15,4701.03,2026-03-06,130,139.21,0,0,123.71
C-11897,John Smith,Male,45,36,5,7,4,6,Married,Laptop & Accessory,19,4219.57,2025-08-27,321,348.07,0,0,117.21
C-11898,Mary Smith,Female,35,49,4,5,2,1,Divorced,Others,10,1249.54,2026-01-05,190,73.47,0,0,25.5
C-11899,Elizabeth Wilson,Female,56,33,3,3,6,39,Married,Fashion,20,5617.19,2026-06-21,23,416.95,0,1,170.22
C-11900,Susan Johnson,Female,66,10,2,9,1,1,Divorced,Fashion,14,2629.43,2026-06-23,21,279.9,0,0,262.94
C-11901,Charles Garcia,Male,46,53,2,5,6,40,Divorced,Laptop & Accessory,4,1501.93,2026-06-20,24,71.01,0,1,28.34
C-11902,Michael Williams,Male,35,39,1,3,3,3,Divorced,Laptop & Accessory,11,1288.58,2025-08-11,337,85.57,0,0,33.04
C-11903,Charles Garcia,Male,61,32,2,3,3,1,Divorced,Grocery,3,1150.18,2026-06-22,22,140.02,0,0,35.94
C-11904,John Williams,Male,25,30,2,3,1,1,Divorced,Others,17,3659.78,2026-02-11,153,379.48,0,0,121.99
C-11905,Jennifer Wilson,Female,48,58,3,6,4,39,Divorced,Fashion,7,2221.96,2026-06-23,21,138.69,0,0,38.31
C-11906,James Miller,Male,51,53,3,1,2,21,Divorced,Grocery,11,1166.29,2026-07-07,7,124.05,0,0,22.01
C-11907,John Smith,Male,24,43,4,4,2,45,Divorced,Fashion,18,2748.87,2025-09-21,296,328.46,0,0,63.93
C-11908,Patricia Miller,Female,53,33,1,8,6,30,Divorced,Laptop & Accessory,14,1966.06,2026-05-07,68,190.75,0,0,59.58
C-11909,Michael Miller,Male,35,49,2,3,3,32,Married,Others,14,4513.58,2025-09-26,291,230.8,0,0,92.11
C-11910,Sarah Wilson,Female,55,6,4,5,4,33,Married,Mobile Phone,6,638.01,2026-06-20,24,12.78,0,0,106.34
C-11911,Karen Garcia,Female,26,57,1,2,4,48,Single,Others,9,2610.87,2026-03-17,119,324.71,0,0,45.8
C-11912,Mary Garcia,Female,26,48,2,2,4,22,Divorced,Mobile Phone,3,662.07,2026-06-29,15,84.04,0,0,13.79
C-11913,Sarah Miller,Female,63,53,2,7,6,30,Married,Grocery,17,2220.16,2025-12-15,211,245.75,0,1,41.89
C-11914,Karen Jones,Female,25,22,3,10,2,46,Married,Mobile Phone,12,1835.79,2025-12-22,204,54.99,1,0,83.44
C-11915,Barbara Miller,Female,68,45,5,3,4,4,Married,Mobile Phone,4,1444.51,2025-07-26,353,138.79,1,0,32.1
C-11916,Sarah Brown,Female,52,55,1,5,6,23,Married,Grocery,20,5499.88,2026-06-23,21,697.01,1,0,100.0
C-11917,Patricia Rodriguez,Female,35,6,2,3,6,44,Married,Others,16,4670.41,2026-05-29,46,330.0,1,0,500.0
C-11918,John Wilson,Male,22,53,1,6,1,25,Married,Grocery,10,3321.92,2026-07-12,2,151.94,0,0,62.68
C-11919,Thomas Johnson,Male,31,24,4,10,5,12,Single,Laptop & Accessory,7,732.65,2026-06-22,22,70.62,0,1,30.53
C-11920,Joseph Rodriguez,Male,45,60,4,3,4,17,Married,Laptop & Accessory,10,3174.67,2026-06-29,15,404.52,0,1,52.91
C-11921,Charles Rodriguez,Male,47,2,5,8,5,15,Single,Mobile Phone,7,1159.55,2026-04-04,101,30.56,0,1,500.0
C-11922,Karen Rodriguez,Female,21,58,2,2,2,10,Single,Grocery,18,5376.49,2026-06-21,23,524.77,0,0,92.7
C-11923,John Brown,Male,56,37,3,3,6,35,Divorced,Grocery,9,1020.89,2026-06-24,20,105.78,0,0,27.59
C-11924,Susan Johnson,Female,37,19,2,8,4,29,Divorced,Grocery,18,4792.46,2026-01-23,172,471.14,0,0,252.23
C-11925,James Williams,Male,42,33,1,8,3,12,Divorced,Others,17,1858.48,2025-10-01,286,194.22,0,1,56.32
C-11926,Michael Garcia,Male,45,48,4,1,2,1,Married,Fashion,11,1948.06,2026-06-30,14,198.86,0,1,40.58
C-11927,David Johnson,Male,29,43,1,8,1,1,Divorced,Fashion,1,487.21,2025-10-26,261,18.0,0,0,11.33
C-11928,Sarah Johnson,Female,19,43,5,10,1,10,Married,Fashion,17,1805.84,2026-03-19,117,91.27,0,1,42.0
C-11929,William Brown,Male,60,29,4,2,5,18,Married,Others,4,935.73,2026-04-07,98,94.01,1,1,32.27
C-11930,Susan Garcia,Female,31,16,3,7,6,47,Divorced,Grocery,4,1178.34,2026-06-24,20,26.28,1,0,73.65
C-11931,Elizabeth Wilson,Female,39,58,4,6,5,2,Divorced,Fashion,14,3987.84,2026-07-03,11,408.82,0,0,68.76
C-11932,William Johnson,Male,48,9,2,2,3,49,Single,Grocery,9,1069.42,2026-07-02,12,113.89,0,0,118.82
C-11933,Joseph Johnson,Male,40,34,2,5,3,8,Single,Mobile Phone,13,1482.99,2026-07-03,11,75.77,1,1,43.62
C-11934,Charles Miller,Male,65,19,4,7,1,22,Married,Fashion,16,2547.05,2026-03-07,129,248.99,0,1,134.06
C-11935,Jessica Miller,Female,37,17,5,8,4,22,Married,Mobile Phone,1,440.82,2026-07-14,0,39.42,1,1,25.93
C-11936,Michael Brown,Male,55,44,2,3,1,26,Divorced,Others,3,658.57,2026-07-12,2,35.49,0,0,14.97
C-11937,Barbara Brown,Female,21,43,2,1,1,26,Divorced,Laptop & Accessory,19,3958.84,2026-07-08,6,317.45,0,1,92.07
C-11938,Jessica Rodriguez,Female,32,26,3,7,3,9,Single,Others,8,837.61,2026-06-23,21,115.8,0,1,32.22
C-11939,James Brown,Male,41,58,4,5,5,21,Divorced,Others,18,3595.95,2026-06-24,20,271.34,0,0,62.0
C-11940,Michael Johnson,Male,42,58,2,5,3,31,Married,Others,6,1070.19,2026-07-13,1,109.03,0,0,18.45
C-11941,Barbara Williams,Female,18,48,5,7,6,43,Divorced,Fashion,20,1881.68,2025-07-16,363,46.28,0,1,39.2
C-11942,Susan Jones,Female,24,35,1,1,3,6,Single,Mobile Phone,6,936.27,2026-06-19,25,28.19,0,1,26.75
C-11943,Linda Jones,Female,48,22,4,8,3,14,Married,Fashion,5,789.07,2026-05-09,66,24.12,0,1,35.87
C-11944,Joseph Williams,Male,29,31,3,10,1,33,Single,Laptop & Accessory,12,1738.8,2026-07-01,13,210.69,0,0,56.09
C-11945,Susan Miller,Female,59,9,2,5,4,7,Single,Others,9,1991.85,2026-06-15,29,130.53,0,0,221.32
C-11946,James Davis,Male,22,10,5,8,1,24,Married,Grocery,9,673.71,2025-10-23,264,33.41,0,1,67.37
C-11947,Susan Smith,Female,61,37,4,10,2,9,Single,Laptop & Accessory,17,1563.44,2026-07-03,11,183.16,0,1,42.26
C-11948,Sarah Miller,Female,67,5,5,10,3,11,Divorced,Mobile Phone,19,1896.35,2025-08-02,346,79.83,0,0,379.27
C-11949,John Jones,Male,59,58,5,5,3,23,Divorced,Laptop & Accessory,17,5136.27,2026-06-09,35,267.31,0,0,88.56
C-11950,Linda Davis,Female,55,40,3,7,2,48,Single,Fashion,16,3714.42,2025-10-19,268,282.37,0,1,92.86
C-11951,Joseph Smith,Male,29,46,4,10,3,2,Divorced,Grocery,12,3251.11,2026-01-25,170,205.1,0,1,70.68
C-11952,William Williams,Male,56,33,2,3,3,15,Single,Fashion,3,757.77,2026-06-28,16,72.82,0,1,22.96
C-11953,Mary Williams,Female,35,35,3,2,6,35,Divorced,Others,14,1796.27,2026-06-17,27,114.82,1,0,51.32
C-11954,David Davis,Male,19,36,2,6,3,36,Single,Others,17,1371.34,2026-05-19,56,97.48,1,0,38.09
C-11955,Joseph Brown,Male,27,16,1,5,2,28,Divorced,Laptop & Accessory,16,2914.14,2026-02-20,144,385.18,0,0,182.13
C-11956,Jennifer Jones,Female,32,39,5,9,1,39,Married,Others,12,2712.84,2026-06-30,14,366.2,0,1,69.56
C-11957,Thomas Miller,Male,47,39,1,10,3,44,Married,Others,2,938.5,2026-06-20,24,119.75,0,0,24.06
C-11958,Thomas Miller,Male,61,53,5,4,4,4,Divorced,Mobile Phone,8,2694.19,2026-07-13,1,356.79,0,0,50.83
C-11959,John Jones,Male,34,11,3,3,2,10,Single,Mobile Phone,12,1984.06,2026-04-04,101,186.63,0,0,180.37
C-11960,Sarah Garcia,Female,21,20,2,9,5,6,Divorced,Fashion,16,2694.31,2026-04-07,98,280.24,1,0,134.72
C-11961,Richard Smith,Male,24,39,2,8,6,30,Single,Fashion,8,1112.25,2026-07-14,0,102.81,0,0,28.52
C-11962,Linda Davis,Female,58,18,3,6,2,46,Divorced,Mobile Phone,16,2009.8,2026-06-27,17,245.45,0,0,111.66
C-11963,Susan Miller,Female,48,2,4,1,1,35,Divorced,Laptop & Accessory,10,2834.16,2025-09-16,301,259.69,0,1,500.0
C-11964,Joseph Miller,Male,68,17,1,10,2,49,Married,Mobile Phone,20,1875.18,2026-02-22,142,64.58,0,0,110.3
C-11965,Charles Williams,Male,56,52,1,1,5,43,Single,Fashion,15,4902.62,2026-07-06,8,614.03,0,0,94.28
C-11966,Michael Williams,Male,51,50,2,6,6,10,Single,Grocery,4,1204.74,2025-11-03,253,143.21,0,1,24.09
C-11967,Mary Wilson,Female,23,18,2,3,4,32,Single,Others,15,2642.28,2026-04-16,89,334.62,0,1,146.79
C-11968,William Smith,Male,67,46,2,3,5,42,Single,Grocery,4,834.64,2026-06-19,25,37.36,0,1,18.14
C-11969,James Johnson,Male,55,5,3,6,2,42,Single,Grocery,11,2419.24,2026-06-21,23,133.81,0,0,483.85
C-11970,Michael Miller,Male,62,15,4,3,5,3,Married,Others,6,1139.77,2026-02-14,150,66.62,0,1,75.98
C-11971,Joseph Williams,Male,68,7,1,10,2,26,Divorced,Mobile Phone,4,640.66,2026-03-27,109,55.13,0,1,91.52
C-11972,James Williams,Male,51,47,5,6,4,15,Single,Laptop & Accessory,9,1515.16,2025-09-29,288,56.67,0,1,32.24
C-11973,Jennifer Jones,Female,61,17,3,5,4,17,Single,Grocery,9,769.6,2026-05-06,69,53.95,0,1,45.27
C-11974,Linda Brown,Female,32,51,1,4,1,27,Divorced,Laptop & Accessory,3,1049.5,2026-07-04,10,45.84,0,0,20.58
C-11975,Thomas Davis,Male,31,47,4,8,4,18,Married,Fashion,5,1111.14,2026-07-09,5,60.47,1,1,23.64
C-11976,Michael Williams,Male,23,42,3,2,3,19,Married,Grocery,15,3824.49,2026-06-30,14,427.69,0,1,91.06
C-11977,David Williams,Male,67,38,1,7,5,12,Married,Fashion,9,2457.93,2026-06-20,24,322.3,0,0,64.68
C-11978,David Rodriguez,Male,54,48,3,4,5,24,Divorced,Mobile Phone,2,746.05,2026-06-20,24,17.14,0,0,15.54
C-11979,Barbara Brown,Female,67,48,1,2,2,5,Divorced,Grocery,3,1131.84,2026-06-03,41,105.9,0,1,23.58
C-11980,William Miller,Male,49,11,1,7,4,24,Married,Fashion,12,1486.03,2026-06-16,28,36.69,0,0,135.09
C-11981,Jennifer Garcia,Female,20,44,4,1,1,27,Married,Fashion,16,4148.69,2026-06-18,26,128.95,0,0,94.29
C-11982,Linda Garcia,Female,20,9,5,4,1,48,Divorced,Mobile Phone,5,360.1,2026-06-16,28,40.21,0,0,40.01
C-11983,Charles Wilson,Male,39,6,4,9,1,30,Married,Laptop & Accessory,10,939.02,2026-06-19,25,108.58,0,0,156.5
C-11984,Jennifer Wilson,Female,39,45,1,4,6,15,Single,Laptop & Accessory,15,2118.78,2026-06-06,38,266.58,0,1,47.08
C-11985,Susan Rodriguez,Female,27,54,3,3,3,47,Divorced,Grocery,14,3945.27,2026-06-20,24,322.14,0,0,73.06
C-11986,Linda Garcia,Female,68,0,4,10,4,38,Married,Mobile Phone,14,932.32,2026-04-02,103,122.86,0,0,500.0
C-11987,Jennifer Davis,Female,20,48,5,10,1,44,Single,Grocery,13,1741.19,2026-07-04,10,72.59,0,1,36.27
C-11988,Robert Davis,Male,29,35,1,2,3,34,Divorced,Laptop & Accessory,16,2584.5,2026-04-07,98,135.59,0,0,73.84
C-11989,Charles Wilson,Male,46,20,4,3,5,27,Divorced,Mobile Phone,8,618.35,2026-06-21,23,23.18,0,0,30.92
C-11990,Barbara Johnson,Female,65,36,4,1,2,20,Single,Others,8,2284.24,2026-07-11,3,282.51,0,1,63.45
C-11991,Robert Miller,Male,34,51,4,10,4,41,Divorced,Mobile Phone,17,3740.45,2026-05-20,55,186.0,0,1,73.34
C-11992,Michael Miller,Male,24,23,4,8,4,32,Married,Mobile Phone,17,4907.89,2026-04-20,85,197.38,0,1,213.39
C-11993,James Wilson,Male,30,54,3,1,6,4,Divorced,Others,3,713.27,2026-07-08,6,72.04,0,0,13.21
C-11994,James Williams,Male,19,24,5,3,5,5,Married,Fashion,1,357.85,2026-06-20,24,10.74,0,0,14.91
C-11995,Joseph Garcia,Male,21,6,5,3,4,8,Single,Fashion,17,4017.82,2026-07-01,13,103.81,0,0,500.0
C-11996,Linda Miller,Female,27,41,1,2,6,22,Single,Fashion,16,3910.6,2025-11-04,252,132.46,1,1,95.38
C-11997,Joseph Davis,Male,56,16,2,5,6,42,Divorced,Laptop & Accessory,17,2042.99,2026-07-03,11,40.92,0,0,127.69
C-11998,Richard Brown,Male,41,28,3,10,6,7,Single,Mobile Phone,2,677.84,2026-07-10,4,74.98,0,0,24.21
C-11999,Thomas Wilson,Male,34,29,1,3,4,22,Single,Others,14,3768.15,2026-07-04,10,350.78,0,0,129.94
